2024-05-27 20:38:07,464   INFO  Loading NuScenes dataset
2024-05-27 20:38:07,468   INFO  Total samples for NuScenes dataset: 81
2024-05-27 20:38:48,552   INFO  Loading NuScenes dataset
2024-05-27 20:38:48,557   INFO  Total samples for NuScenes dataset: 81
2024-05-27 20:44:50,021   INFO  Loading NuScenes dataset
2024-05-27 20:44:50,025   INFO  Total samples for NuScenes dataset: 81
2024-05-27 20:45:32,896   INFO  Loading NuScenes dataset
2024-05-27 20:45:32,901   INFO  Total samples for NuScenes dataset: 81
2024-05-27 20:47:17,253   INFO  Loading NuScenes dataset
2024-05-27 20:47:17,258   INFO  Total samples for NuScenes dataset: 81
2024-05-27 20:47:18,272   INFO  ==> Loading parameters from checkpoint output/cfgs/nuscenes_models/cbgs_dyn_pp_centerpoint/default/ckpt/checkpoint_epoch_9.pth to GPU
2024-05-27 20:47:18,359   INFO  ==> Checkpoint trained from version: pcdet+0.6.0+81f4b9e
2024-05-27 20:47:18,375   INFO  Not updated weight vfe.pfn_layers.0.linear.weight: torch.Size([64, 11])
2024-05-27 20:47:18,375   INFO  Not updated weight vfe.pfn_layers.0.norm.weight: torch.Size([64])
2024-05-27 20:47:18,375   INFO  Not updated weight vfe.pfn_layers.0.norm.bias: torch.Size([64])
2024-05-27 20:47:18,375   INFO  Not updated weight vfe.pfn_layers.0.norm.running_mean: torch.Size([64])
2024-05-27 20:47:18,376   INFO  Not updated weight vfe.pfn_layers.0.norm.running_var: torch.Size([64])
2024-05-27 20:47:18,376   INFO  Not updated weight vfe.pfn_layers.1.linear.weight: torch.Size([128, 128])
2024-05-27 20:47:18,376   INFO  Not updated weight vfe.pfn_layers.1.norm.weight: torch.Size([128])
2024-05-27 20:47:18,376   INFO  Not updated weight vfe.pfn_layers.1.norm.bias: torch.Size([128])
2024-05-27 20:47:18,376   INFO  Not updated weight vfe.pfn_layers.1.norm.running_mean: torch.Size([128])
2024-05-27 20:47:18,376   INFO  Not updated weight vfe.pfn_layers.1.norm.running_var: torch.Size([128])
2024-05-27 20:47:18,376   INFO  Not updated weight backbone_3d.input_layer.posembed_layers.0.0.0.position_embedding_head.0.weight: torch.Size([128, 2])
2024-05-27 20:47:18,376   INFO  Not updated weight backbone_3d.input_layer.posembed_layers.0.0.0.position_embedding_head.0.bias: torch.Size([128])
2024-05-27 20:47:18,376   INFO  Not updated weight backbone_3d.input_layer.posembed_layers.0.0.0.position_embedding_head.1.weight: torch.Size([128])
2024-05-27 20:47:18,376   INFO  Not updated weight backbone_3d.input_layer.posembed_layers.0.0.0.position_embedding_head.1.bias: torch.Size([128])
2024-05-27 20:47:18,376   INFO  Not updated weight backbone_3d.input_layer.posembed_layers.0.0.0.position_embedding_head.1.running_mean: torch.Size([128])
2024-05-27 20:47:18,376   INFO  Not updated weight backbone_3d.input_layer.posembed_layers.0.0.0.position_embedding_head.1.running_var: torch.Size([128])
2024-05-27 20:47:18,377   INFO  Not updated weight backbone_3d.input_layer.posembed_layers.0.0.0.position_embedding_head.1.num_batches_tracked: torch.Size([])
2024-05-27 20:47:18,377   INFO  Not updated weight backbone_3d.input_layer.posembed_layers.0.0.0.position_embedding_head.3.weight: torch.Size([128, 128])
2024-05-27 20:47:18,377   INFO  Not updated weight backbone_3d.input_layer.posembed_layers.0.0.0.position_embedding_head.3.bias: torch.Size([128])
2024-05-27 20:47:18,377   INFO  Not updated weight backbone_3d.input_layer.posembed_layers.0.0.1.position_embedding_head.0.weight: torch.Size([128, 2])
2024-05-27 20:47:18,377   INFO  Not updated weight backbone_3d.input_layer.posembed_layers.0.0.1.position_embedding_head.0.bias: torch.Size([128])
2024-05-27 20:47:18,377   INFO  Not updated weight backbone_3d.input_layer.posembed_layers.0.0.1.position_embedding_head.1.weight: torch.Size([128])
2024-05-27 20:47:18,377   INFO  Not updated weight backbone_3d.input_layer.posembed_layers.0.0.1.position_embedding_head.1.bias: torch.Size([128])
2024-05-27 20:47:18,377   INFO  Not updated weight backbone_3d.input_layer.posembed_layers.0.0.1.position_embedding_head.1.running_mean: torch.Size([128])
2024-05-27 20:47:18,377   INFO  Not updated weight backbone_3d.input_layer.posembed_layers.0.0.1.position_embedding_head.1.running_var: torch.Size([128])
2024-05-27 20:47:18,377   INFO  Not updated weight backbone_3d.input_layer.posembed_layers.0.0.1.position_embedding_head.1.num_batches_tracked: torch.Size([])
2024-05-27 20:47:18,377   INFO  Not updated weight backbone_3d.input_layer.posembed_layers.0.0.1.position_embedding_head.3.weight: torch.Size([128, 128])
2024-05-27 20:47:18,377   INFO  Not updated weight backbone_3d.input_layer.posembed_layers.0.0.1.position_embedding_head.3.bias: torch.Size([128])
2024-05-27 20:47:18,377   INFO  Not updated weight backbone_3d.input_layer.posembed_layers.0.1.0.position_embedding_head.0.weight: torch.Size([128, 2])
2024-05-27 20:47:18,378   INFO  Not updated weight backbone_3d.input_layer.posembed_layers.0.1.0.position_embedding_head.0.bias: torch.Size([128])
2024-05-27 20:47:18,378   INFO  Not updated weight backbone_3d.input_layer.posembed_layers.0.1.0.position_embedding_head.1.weight: torch.Size([128])
2024-05-27 20:47:18,378   INFO  Not updated weight backbone_3d.input_layer.posembed_layers.0.1.0.position_embedding_head.1.bias: torch.Size([128])
2024-05-27 20:47:18,378   INFO  Not updated weight backbone_3d.input_layer.posembed_layers.0.1.0.position_embedding_head.1.running_mean: torch.Size([128])
2024-05-27 20:47:18,378   INFO  Not updated weight backbone_3d.input_layer.posembed_layers.0.1.0.position_embedding_head.1.running_var: torch.Size([128])
2024-05-27 20:47:18,378   INFO  Not updated weight backbone_3d.input_layer.posembed_layers.0.1.0.position_embedding_head.1.num_batches_tracked: torch.Size([])
2024-05-27 20:47:18,378   INFO  Not updated weight backbone_3d.input_layer.posembed_layers.0.1.0.position_embedding_head.3.weight: torch.Size([128, 128])
2024-05-27 20:47:18,378   INFO  Not updated weight backbone_3d.input_layer.posembed_layers.0.1.0.position_embedding_head.3.bias: torch.Size([128])
2024-05-27 20:47:18,378   INFO  Not updated weight backbone_3d.input_layer.posembed_layers.0.1.1.position_embedding_head.0.weight: torch.Size([128, 2])
2024-05-27 20:47:18,379   INFO  Not updated weight backbone_3d.input_layer.posembed_layers.0.1.1.position_embedding_head.0.bias: torch.Size([128])
2024-05-27 20:47:18,379   INFO  Not updated weight backbone_3d.input_layer.posembed_layers.0.1.1.position_embedding_head.1.weight: torch.Size([128])
2024-05-27 20:47:18,379   INFO  Not updated weight backbone_3d.input_layer.posembed_layers.0.1.1.position_embedding_head.1.bias: torch.Size([128])
2024-05-27 20:47:18,379   INFO  Not updated weight backbone_3d.input_layer.posembed_layers.0.1.1.position_embedding_head.1.running_mean: torch.Size([128])
2024-05-27 20:47:18,379   INFO  Not updated weight backbone_3d.input_layer.posembed_layers.0.1.1.position_embedding_head.1.running_var: torch.Size([128])
2024-05-27 20:47:18,379   INFO  Not updated weight backbone_3d.input_layer.posembed_layers.0.1.1.position_embedding_head.1.num_batches_tracked: torch.Size([])
2024-05-27 20:47:18,379   INFO  Not updated weight backbone_3d.input_layer.posembed_layers.0.1.1.position_embedding_head.3.weight: torch.Size([128, 128])
2024-05-27 20:47:18,379   INFO  Not updated weight backbone_3d.input_layer.posembed_layers.0.1.1.position_embedding_head.3.bias: torch.Size([128])
2024-05-27 20:47:18,379   INFO  Not updated weight backbone_3d.input_layer.posembed_layers.0.2.0.position_embedding_head.0.weight: torch.Size([128, 2])
2024-05-27 20:47:18,379   INFO  Not updated weight backbone_3d.input_layer.posembed_layers.0.2.0.position_embedding_head.0.bias: torch.Size([128])
2024-05-27 20:47:18,380   INFO  Not updated weight backbone_3d.input_layer.posembed_layers.0.2.0.position_embedding_head.1.weight: torch.Size([128])
2024-05-27 20:47:18,380   INFO  Not updated weight backbone_3d.input_layer.posembed_layers.0.2.0.position_embedding_head.1.bias: torch.Size([128])
2024-05-27 20:47:18,380   INFO  Not updated weight backbone_3d.input_layer.posembed_layers.0.2.0.position_embedding_head.1.running_mean: torch.Size([128])
2024-05-27 20:47:18,380   INFO  Not updated weight backbone_3d.input_layer.posembed_layers.0.2.0.position_embedding_head.1.running_var: torch.Size([128])
2024-05-27 20:47:18,380   INFO  Not updated weight backbone_3d.input_layer.posembed_layers.0.2.0.position_embedding_head.1.num_batches_tracked: torch.Size([])
2024-05-27 20:47:18,380   INFO  Not updated weight backbone_3d.input_layer.posembed_layers.0.2.0.position_embedding_head.3.weight: torch.Size([128, 128])
2024-05-27 20:47:18,380   INFO  Not updated weight backbone_3d.input_layer.posembed_layers.0.2.0.position_embedding_head.3.bias: torch.Size([128])
2024-05-27 20:47:18,380   INFO  Not updated weight backbone_3d.input_layer.posembed_layers.0.2.1.position_embedding_head.0.weight: torch.Size([128, 2])
2024-05-27 20:47:18,380   INFO  Not updated weight backbone_3d.input_layer.posembed_layers.0.2.1.position_embedding_head.0.bias: torch.Size([128])
2024-05-27 20:47:18,380   INFO  Not updated weight backbone_3d.input_layer.posembed_layers.0.2.1.position_embedding_head.1.weight: torch.Size([128])
2024-05-27 20:47:18,381   INFO  Not updated weight backbone_3d.input_layer.posembed_layers.0.2.1.position_embedding_head.1.bias: torch.Size([128])
2024-05-27 20:47:18,381   INFO  Not updated weight backbone_3d.input_layer.posembed_layers.0.2.1.position_embedding_head.1.running_mean: torch.Size([128])
2024-05-27 20:47:18,381   INFO  Not updated weight backbone_3d.input_layer.posembed_layers.0.2.1.position_embedding_head.1.running_var: torch.Size([128])
2024-05-27 20:47:18,381   INFO  Not updated weight backbone_3d.input_layer.posembed_layers.0.2.1.position_embedding_head.1.num_batches_tracked: torch.Size([])
2024-05-27 20:47:18,381   INFO  Not updated weight backbone_3d.input_layer.posembed_layers.0.2.1.position_embedding_head.3.weight: torch.Size([128, 128])
2024-05-27 20:47:18,381   INFO  Not updated weight backbone_3d.input_layer.posembed_layers.0.2.1.position_embedding_head.3.bias: torch.Size([128])
2024-05-27 20:47:18,381   INFO  Not updated weight backbone_3d.input_layer.posembed_layers.0.3.0.position_embedding_head.0.weight: torch.Size([128, 2])
2024-05-27 20:47:18,381   INFO  Not updated weight backbone_3d.input_layer.posembed_layers.0.3.0.position_embedding_head.0.bias: torch.Size([128])
2024-05-27 20:47:18,381   INFO  Not updated weight backbone_3d.input_layer.posembed_layers.0.3.0.position_embedding_head.1.weight: torch.Size([128])
2024-05-27 20:47:18,382   INFO  Not updated weight backbone_3d.input_layer.posembed_layers.0.3.0.position_embedding_head.1.bias: torch.Size([128])
2024-05-27 20:47:18,382   INFO  Not updated weight backbone_3d.input_layer.posembed_layers.0.3.0.position_embedding_head.1.running_mean: torch.Size([128])
2024-05-27 20:47:18,382   INFO  Not updated weight backbone_3d.input_layer.posembed_layers.0.3.0.position_embedding_head.1.running_var: torch.Size([128])
2024-05-27 20:47:18,382   INFO  Not updated weight backbone_3d.input_layer.posembed_layers.0.3.0.position_embedding_head.1.num_batches_tracked: torch.Size([])
2024-05-27 20:47:18,382   INFO  Not updated weight backbone_3d.input_layer.posembed_layers.0.3.0.position_embedding_head.3.weight: torch.Size([128, 128])
2024-05-27 20:47:18,382   INFO  Not updated weight backbone_3d.input_layer.posembed_layers.0.3.0.position_embedding_head.3.bias: torch.Size([128])
2024-05-27 20:47:18,382   INFO  Not updated weight backbone_3d.input_layer.posembed_layers.0.3.1.position_embedding_head.0.weight: torch.Size([128, 2])
2024-05-27 20:47:18,382   INFO  Not updated weight backbone_3d.input_layer.posembed_layers.0.3.1.position_embedding_head.0.bias: torch.Size([128])
2024-05-27 20:47:18,382   INFO  Not updated weight backbone_3d.input_layer.posembed_layers.0.3.1.position_embedding_head.1.weight: torch.Size([128])
2024-05-27 20:47:18,383   INFO  Not updated weight backbone_3d.input_layer.posembed_layers.0.3.1.position_embedding_head.1.bias: torch.Size([128])
2024-05-27 20:47:18,383   INFO  Not updated weight backbone_3d.input_layer.posembed_layers.0.3.1.position_embedding_head.1.running_mean: torch.Size([128])
2024-05-27 20:47:18,383   INFO  Not updated weight backbone_3d.input_layer.posembed_layers.0.3.1.position_embedding_head.1.running_var: torch.Size([128])
2024-05-27 20:47:18,383   INFO  Not updated weight backbone_3d.input_layer.posembed_layers.0.3.1.position_embedding_head.1.num_batches_tracked: torch.Size([])
2024-05-27 20:47:18,383   INFO  Not updated weight backbone_3d.input_layer.posembed_layers.0.3.1.position_embedding_head.3.weight: torch.Size([128, 128])
2024-05-27 20:47:18,383   INFO  Not updated weight backbone_3d.input_layer.posembed_layers.0.3.1.position_embedding_head.3.bias: torch.Size([128])
2024-05-27 20:47:18,383   INFO  Not updated weight backbone_3d.stage_0.0.encoder_list.0.win_attn.self_attn.in_proj_weight: torch.Size([384, 128])
2024-05-27 20:47:18,383   INFO  Not updated weight backbone_3d.stage_0.0.encoder_list.0.win_attn.self_attn.in_proj_bias: torch.Size([384])
2024-05-27 20:47:18,383   INFO  Not updated weight backbone_3d.stage_0.0.encoder_list.0.win_attn.self_attn.out_proj.weight: torch.Size([128, 128])
2024-05-27 20:47:18,383   INFO  Not updated weight backbone_3d.stage_0.0.encoder_list.0.win_attn.self_attn.out_proj.bias: torch.Size([128])
2024-05-27 20:47:18,384   INFO  Not updated weight backbone_3d.stage_0.0.encoder_list.0.win_attn.linear1.weight: torch.Size([256, 128])
2024-05-27 20:47:18,384   INFO  Not updated weight backbone_3d.stage_0.0.encoder_list.0.win_attn.linear1.bias: torch.Size([256])
2024-05-27 20:47:18,384   INFO  Not updated weight backbone_3d.stage_0.0.encoder_list.0.win_attn.linear2.weight: torch.Size([128, 256])
2024-05-27 20:47:18,384   INFO  Not updated weight backbone_3d.stage_0.0.encoder_list.0.win_attn.linear2.bias: torch.Size([128])
2024-05-27 20:47:18,384   INFO  Not updated weight backbone_3d.stage_0.0.encoder_list.0.win_attn.norm1.weight: torch.Size([128])
2024-05-27 20:47:18,384   INFO  Not updated weight backbone_3d.stage_0.0.encoder_list.0.win_attn.norm1.bias: torch.Size([128])
2024-05-27 20:47:18,384   INFO  Not updated weight backbone_3d.stage_0.0.encoder_list.0.win_attn.norm2.weight: torch.Size([128])
2024-05-27 20:47:18,384   INFO  Not updated weight backbone_3d.stage_0.0.encoder_list.0.win_attn.norm2.bias: torch.Size([128])
2024-05-27 20:47:18,384   INFO  Not updated weight backbone_3d.stage_0.0.encoder_list.0.norm.weight: torch.Size([128])
2024-05-27 20:47:18,385   INFO  Not updated weight backbone_3d.stage_0.0.encoder_list.0.norm.bias: torch.Size([128])
2024-05-27 20:47:18,385   INFO  Not updated weight backbone_3d.stage_0.0.encoder_list.1.win_attn.self_attn.in_proj_weight: torch.Size([384, 128])
2024-05-27 20:47:18,385   INFO  Not updated weight backbone_3d.stage_0.0.encoder_list.1.win_attn.self_attn.in_proj_bias: torch.Size([384])
2024-05-27 20:47:18,385   INFO  Not updated weight backbone_3d.stage_0.0.encoder_list.1.win_attn.self_attn.out_proj.weight: torch.Size([128, 128])
2024-05-27 20:47:18,385   INFO  Not updated weight backbone_3d.stage_0.0.encoder_list.1.win_attn.self_attn.out_proj.bias: torch.Size([128])
2024-05-27 20:47:18,385   INFO  Not updated weight backbone_3d.stage_0.0.encoder_list.1.win_attn.linear1.weight: torch.Size([256, 128])
2024-05-27 20:47:18,385   INFO  Not updated weight backbone_3d.stage_0.0.encoder_list.1.win_attn.linear1.bias: torch.Size([256])
2024-05-27 20:47:18,385   INFO  Not updated weight backbone_3d.stage_0.0.encoder_list.1.win_attn.linear2.weight: torch.Size([128, 256])
2024-05-27 20:47:18,385   INFO  Not updated weight backbone_3d.stage_0.0.encoder_list.1.win_attn.linear2.bias: torch.Size([128])
2024-05-27 20:47:18,385   INFO  Not updated weight backbone_3d.stage_0.0.encoder_list.1.win_attn.norm1.weight: torch.Size([128])
2024-05-27 20:47:18,386   INFO  Not updated weight backbone_3d.stage_0.0.encoder_list.1.win_attn.norm1.bias: torch.Size([128])
2024-05-27 20:47:18,386   INFO  Not updated weight backbone_3d.stage_0.0.encoder_list.1.win_attn.norm2.weight: torch.Size([128])
2024-05-27 20:47:18,386   INFO  Not updated weight backbone_3d.stage_0.0.encoder_list.1.win_attn.norm2.bias: torch.Size([128])
2024-05-27 20:47:18,386   INFO  Not updated weight backbone_3d.stage_0.0.encoder_list.1.norm.weight: torch.Size([128])
2024-05-27 20:47:18,386   INFO  Not updated weight backbone_3d.stage_0.0.encoder_list.1.norm.bias: torch.Size([128])
2024-05-27 20:47:18,386   INFO  Not updated weight backbone_3d.stage_0.1.encoder_list.0.win_attn.self_attn.in_proj_weight: torch.Size([384, 128])
2024-05-27 20:47:18,386   INFO  Not updated weight backbone_3d.stage_0.1.encoder_list.0.win_attn.self_attn.in_proj_bias: torch.Size([384])
2024-05-27 20:47:18,386   INFO  Not updated weight backbone_3d.stage_0.1.encoder_list.0.win_attn.self_attn.out_proj.weight: torch.Size([128, 128])
2024-05-27 20:47:18,386   INFO  Not updated weight backbone_3d.stage_0.1.encoder_list.0.win_attn.self_attn.out_proj.bias: torch.Size([128])
2024-05-27 20:47:18,387   INFO  Not updated weight backbone_3d.stage_0.1.encoder_list.0.win_attn.linear1.weight: torch.Size([256, 128])
2024-05-27 20:47:18,387   INFO  Not updated weight backbone_3d.stage_0.1.encoder_list.0.win_attn.linear1.bias: torch.Size([256])
2024-05-27 20:47:18,387   INFO  Not updated weight backbone_3d.stage_0.1.encoder_list.0.win_attn.linear2.weight: torch.Size([128, 256])
2024-05-27 20:47:18,387   INFO  Not updated weight backbone_3d.stage_0.1.encoder_list.0.win_attn.linear2.bias: torch.Size([128])
2024-05-27 20:47:18,387   INFO  Not updated weight backbone_3d.stage_0.1.encoder_list.0.win_attn.norm1.weight: torch.Size([128])
2024-05-27 20:47:18,387   INFO  Not updated weight backbone_3d.stage_0.1.encoder_list.0.win_attn.norm1.bias: torch.Size([128])
2024-05-27 20:47:18,387   INFO  Not updated weight backbone_3d.stage_0.1.encoder_list.0.win_attn.norm2.weight: torch.Size([128])
2024-05-27 20:47:18,387   INFO  Not updated weight backbone_3d.stage_0.1.encoder_list.0.win_attn.norm2.bias: torch.Size([128])
2024-05-27 20:47:18,387   INFO  Not updated weight backbone_3d.stage_0.1.encoder_list.0.norm.weight: torch.Size([128])
2024-05-27 20:47:18,387   INFO  Not updated weight backbone_3d.stage_0.1.encoder_list.0.norm.bias: torch.Size([128])
2024-05-27 20:47:18,388   INFO  Not updated weight backbone_3d.stage_0.1.encoder_list.1.win_attn.self_attn.in_proj_weight: torch.Size([384, 128])
2024-05-27 20:47:18,388   INFO  Not updated weight backbone_3d.stage_0.1.encoder_list.1.win_attn.self_attn.in_proj_bias: torch.Size([384])
2024-05-27 20:47:18,388   INFO  Not updated weight backbone_3d.stage_0.1.encoder_list.1.win_attn.self_attn.out_proj.weight: torch.Size([128, 128])
2024-05-27 20:47:18,388   INFO  Not updated weight backbone_3d.stage_0.1.encoder_list.1.win_attn.self_attn.out_proj.bias: torch.Size([128])
2024-05-27 20:47:18,388   INFO  Not updated weight backbone_3d.stage_0.1.encoder_list.1.win_attn.linear1.weight: torch.Size([256, 128])
2024-05-27 20:47:18,388   INFO  Not updated weight backbone_3d.stage_0.1.encoder_list.1.win_attn.linear1.bias: torch.Size([256])
2024-05-27 20:47:18,388   INFO  Not updated weight backbone_3d.stage_0.1.encoder_list.1.win_attn.linear2.weight: torch.Size([128, 256])
2024-05-27 20:47:18,388   INFO  Not updated weight backbone_3d.stage_0.1.encoder_list.1.win_attn.linear2.bias: torch.Size([128])
2024-05-27 20:47:18,388   INFO  Not updated weight backbone_3d.stage_0.1.encoder_list.1.win_attn.norm1.weight: torch.Size([128])
2024-05-27 20:47:18,388   INFO  Not updated weight backbone_3d.stage_0.1.encoder_list.1.win_attn.norm1.bias: torch.Size([128])
2024-05-27 20:47:18,388   INFO  Not updated weight backbone_3d.stage_0.1.encoder_list.1.win_attn.norm2.weight: torch.Size([128])
2024-05-27 20:47:18,389   INFO  Not updated weight backbone_3d.stage_0.1.encoder_list.1.win_attn.norm2.bias: torch.Size([128])
2024-05-27 20:47:18,389   INFO  Not updated weight backbone_3d.stage_0.1.encoder_list.1.norm.weight: torch.Size([128])
2024-05-27 20:47:18,389   INFO  Not updated weight backbone_3d.stage_0.1.encoder_list.1.norm.bias: torch.Size([128])
2024-05-27 20:47:18,389   INFO  Not updated weight backbone_3d.stage_0.2.encoder_list.0.win_attn.self_attn.in_proj_weight: torch.Size([384, 128])
2024-05-27 20:47:18,389   INFO  Not updated weight backbone_3d.stage_0.2.encoder_list.0.win_attn.self_attn.in_proj_bias: torch.Size([384])
2024-05-27 20:47:18,389   INFO  Not updated weight backbone_3d.stage_0.2.encoder_list.0.win_attn.self_attn.out_proj.weight: torch.Size([128, 128])
2024-05-27 20:47:18,389   INFO  Not updated weight backbone_3d.stage_0.2.encoder_list.0.win_attn.self_attn.out_proj.bias: torch.Size([128])
2024-05-27 20:47:18,389   INFO  Not updated weight backbone_3d.stage_0.2.encoder_list.0.win_attn.linear1.weight: torch.Size([256, 128])
2024-05-27 20:47:18,389   INFO  Not updated weight backbone_3d.stage_0.2.encoder_list.0.win_attn.linear1.bias: torch.Size([256])
2024-05-27 20:47:18,389   INFO  Not updated weight backbone_3d.stage_0.2.encoder_list.0.win_attn.linear2.weight: torch.Size([128, 256])
2024-05-27 20:47:18,390   INFO  Not updated weight backbone_3d.stage_0.2.encoder_list.0.win_attn.linear2.bias: torch.Size([128])
2024-05-27 20:47:18,390   INFO  Not updated weight backbone_3d.stage_0.2.encoder_list.0.win_attn.norm1.weight: torch.Size([128])
2024-05-27 20:47:18,390   INFO  Not updated weight backbone_3d.stage_0.2.encoder_list.0.win_attn.norm1.bias: torch.Size([128])
2024-05-27 20:47:18,390   INFO  Not updated weight backbone_3d.stage_0.2.encoder_list.0.win_attn.norm2.weight: torch.Size([128])
2024-05-27 20:47:18,390   INFO  Not updated weight backbone_3d.stage_0.2.encoder_list.0.win_attn.norm2.bias: torch.Size([128])
2024-05-27 20:47:18,390   INFO  Not updated weight backbone_3d.stage_0.2.encoder_list.0.norm.weight: torch.Size([128])
2024-05-27 20:47:18,390   INFO  Not updated weight backbone_3d.stage_0.2.encoder_list.0.norm.bias: torch.Size([128])
2024-05-27 20:47:18,390   INFO  Not updated weight backbone_3d.stage_0.2.encoder_list.1.win_attn.self_attn.in_proj_weight: torch.Size([384, 128])
2024-05-27 20:47:18,390   INFO  Not updated weight backbone_3d.stage_0.2.encoder_list.1.win_attn.self_attn.in_proj_bias: torch.Size([384])
2024-05-27 20:47:18,390   INFO  Not updated weight backbone_3d.stage_0.2.encoder_list.1.win_attn.self_attn.out_proj.weight: torch.Size([128, 128])
2024-05-27 20:47:18,390   INFO  Not updated weight backbone_3d.stage_0.2.encoder_list.1.win_attn.self_attn.out_proj.bias: torch.Size([128])
2024-05-27 20:47:18,391   INFO  Not updated weight backbone_3d.stage_0.2.encoder_list.1.win_attn.linear1.weight: torch.Size([256, 128])
2024-05-27 20:47:18,391   INFO  Not updated weight backbone_3d.stage_0.2.encoder_list.1.win_attn.linear1.bias: torch.Size([256])
2024-05-27 20:47:18,391   INFO  Not updated weight backbone_3d.stage_0.2.encoder_list.1.win_attn.linear2.weight: torch.Size([128, 256])
2024-05-27 20:47:18,391   INFO  Not updated weight backbone_3d.stage_0.2.encoder_list.1.win_attn.linear2.bias: torch.Size([128])
2024-05-27 20:47:18,391   INFO  Not updated weight backbone_3d.stage_0.2.encoder_list.1.win_attn.norm1.weight: torch.Size([128])
2024-05-27 20:47:18,391   INFO  Not updated weight backbone_3d.stage_0.2.encoder_list.1.win_attn.norm1.bias: torch.Size([128])
2024-05-27 20:47:18,391   INFO  Not updated weight backbone_3d.stage_0.2.encoder_list.1.win_attn.norm2.weight: torch.Size([128])
2024-05-27 20:47:18,391   INFO  Not updated weight backbone_3d.stage_0.2.encoder_list.1.win_attn.norm2.bias: torch.Size([128])
2024-05-27 20:47:18,391   INFO  Not updated weight backbone_3d.stage_0.2.encoder_list.1.norm.weight: torch.Size([128])
2024-05-27 20:47:18,391   INFO  Not updated weight backbone_3d.stage_0.2.encoder_list.1.norm.bias: torch.Size([128])
2024-05-27 20:47:18,392   INFO  Not updated weight backbone_3d.stage_0.3.encoder_list.0.win_attn.self_attn.in_proj_weight: torch.Size([384, 128])
2024-05-27 20:47:18,392   INFO  Not updated weight backbone_3d.stage_0.3.encoder_list.0.win_attn.self_attn.in_proj_bias: torch.Size([384])
2024-05-27 20:47:18,392   INFO  Not updated weight backbone_3d.stage_0.3.encoder_list.0.win_attn.self_attn.out_proj.weight: torch.Size([128, 128])
2024-05-27 20:47:18,392   INFO  Not updated weight backbone_3d.stage_0.3.encoder_list.0.win_attn.self_attn.out_proj.bias: torch.Size([128])
2024-05-27 20:47:18,392   INFO  Not updated weight backbone_3d.stage_0.3.encoder_list.0.win_attn.linear1.weight: torch.Size([256, 128])
2024-05-27 20:47:18,392   INFO  Not updated weight backbone_3d.stage_0.3.encoder_list.0.win_attn.linear1.bias: torch.Size([256])
2024-05-27 20:47:18,392   INFO  Not updated weight backbone_3d.stage_0.3.encoder_list.0.win_attn.linear2.weight: torch.Size([128, 256])
2024-05-27 20:47:18,392   INFO  Not updated weight backbone_3d.stage_0.3.encoder_list.0.win_attn.linear2.bias: torch.Size([128])
2024-05-27 20:47:18,392   INFO  Not updated weight backbone_3d.stage_0.3.encoder_list.0.win_attn.norm1.weight: torch.Size([128])
2024-05-27 20:47:18,392   INFO  Not updated weight backbone_3d.stage_0.3.encoder_list.0.win_attn.norm1.bias: torch.Size([128])
2024-05-27 20:47:18,393   INFO  Not updated weight backbone_3d.stage_0.3.encoder_list.0.win_attn.norm2.weight: torch.Size([128])
2024-05-27 20:47:18,393   INFO  Not updated weight backbone_3d.stage_0.3.encoder_list.0.win_attn.norm2.bias: torch.Size([128])
2024-05-27 20:47:18,393   INFO  Not updated weight backbone_3d.stage_0.3.encoder_list.0.norm.weight: torch.Size([128])
2024-05-27 20:47:18,393   INFO  Not updated weight backbone_3d.stage_0.3.encoder_list.0.norm.bias: torch.Size([128])
2024-05-27 20:47:18,393   INFO  Not updated weight backbone_3d.stage_0.3.encoder_list.1.win_attn.self_attn.in_proj_weight: torch.Size([384, 128])
2024-05-27 20:47:18,393   INFO  Not updated weight backbone_3d.stage_0.3.encoder_list.1.win_attn.self_attn.in_proj_bias: torch.Size([384])
2024-05-27 20:47:18,393   INFO  Not updated weight backbone_3d.stage_0.3.encoder_list.1.win_attn.self_attn.out_proj.weight: torch.Size([128, 128])
2024-05-27 20:47:18,393   INFO  Not updated weight backbone_3d.stage_0.3.encoder_list.1.win_attn.self_attn.out_proj.bias: torch.Size([128])
2024-05-27 20:47:18,393   INFO  Not updated weight backbone_3d.stage_0.3.encoder_list.1.win_attn.linear1.weight: torch.Size([256, 128])
2024-05-27 20:47:18,393   INFO  Not updated weight backbone_3d.stage_0.3.encoder_list.1.win_attn.linear1.bias: torch.Size([256])
2024-05-27 20:47:18,393   INFO  Not updated weight backbone_3d.stage_0.3.encoder_list.1.win_attn.linear2.weight: torch.Size([128, 256])
2024-05-27 20:47:18,394   INFO  Not updated weight backbone_3d.stage_0.3.encoder_list.1.win_attn.linear2.bias: torch.Size([128])
2024-05-27 20:47:18,394   INFO  Not updated weight backbone_3d.stage_0.3.encoder_list.1.win_attn.norm1.weight: torch.Size([128])
2024-05-27 20:47:18,394   INFO  Not updated weight backbone_3d.stage_0.3.encoder_list.1.win_attn.norm1.bias: torch.Size([128])
2024-05-27 20:47:18,394   INFO  Not updated weight backbone_3d.stage_0.3.encoder_list.1.win_attn.norm2.weight: torch.Size([128])
2024-05-27 20:47:18,394   INFO  Not updated weight backbone_3d.stage_0.3.encoder_list.1.win_attn.norm2.bias: torch.Size([128])
2024-05-27 20:47:18,394   INFO  Not updated weight backbone_3d.stage_0.3.encoder_list.1.norm.weight: torch.Size([128])
2024-05-27 20:47:18,394   INFO  Not updated weight backbone_3d.stage_0.3.encoder_list.1.norm.bias: torch.Size([128])
2024-05-27 20:47:18,394   INFO  Not updated weight backbone_3d.residual_norm_stage_0.0.weight: torch.Size([128])
2024-05-27 20:47:18,394   INFO  Not updated weight backbone_3d.residual_norm_stage_0.0.bias: torch.Size([128])
2024-05-27 20:47:18,394   INFO  Not updated weight backbone_3d.residual_norm_stage_0.1.weight: torch.Size([128])
2024-05-27 20:47:18,395   INFO  Not updated weight backbone_3d.residual_norm_stage_0.1.bias: torch.Size([128])
2024-05-27 20:47:18,395   INFO  Not updated weight backbone_3d.residual_norm_stage_0.2.weight: torch.Size([128])
2024-05-27 20:47:18,395   INFO  Not updated weight backbone_3d.residual_norm_stage_0.2.bias: torch.Size([128])
2024-05-27 20:47:18,395   INFO  Not updated weight backbone_3d.residual_norm_stage_0.3.weight: torch.Size([128])
2024-05-27 20:47:18,395   INFO  Not updated weight backbone_3d.residual_norm_stage_0.3.bias: torch.Size([128])
2024-05-27 20:47:18,395   INFO  Not updated weight backbone_2d.blocks.0.0.conv1.weight: torch.Size([128, 128, 3, 3])
2024-05-27 20:47:18,395   INFO  Not updated weight backbone_2d.blocks.0.0.bn1.weight: torch.Size([128])
2024-05-27 20:47:18,395   INFO  Not updated weight backbone_2d.blocks.0.0.bn1.bias: torch.Size([128])
2024-05-27 20:47:18,395   INFO  Not updated weight backbone_2d.blocks.0.0.bn1.running_mean: torch.Size([128])
2024-05-27 20:47:18,395   INFO  Not updated weight backbone_2d.blocks.0.0.bn1.running_var: torch.Size([128])
2024-05-27 20:47:18,396   INFO  Not updated weight backbone_2d.blocks.0.0.bn1.num_batches_tracked: torch.Size([])
2024-05-27 20:47:18,396   INFO  Not updated weight backbone_2d.blocks.0.0.conv2.weight: torch.Size([128, 128, 3, 3])
2024-05-27 20:47:18,396   INFO  Not updated weight backbone_2d.blocks.0.0.bn2.weight: torch.Size([128])
2024-05-27 20:47:18,396   INFO  Not updated weight backbone_2d.blocks.0.0.bn2.bias: torch.Size([128])
2024-05-27 20:47:18,396   INFO  Not updated weight backbone_2d.blocks.0.0.bn2.running_mean: torch.Size([128])
2024-05-27 20:47:18,396   INFO  Not updated weight backbone_2d.blocks.0.0.bn2.running_var: torch.Size([128])
2024-05-27 20:47:18,396   INFO  Not updated weight backbone_2d.blocks.0.0.bn2.num_batches_tracked: torch.Size([])
2024-05-27 20:47:18,396   INFO  Not updated weight backbone_2d.blocks.0.0.downsample_layer.0.weight: torch.Size([128, 128, 1, 1])
2024-05-27 20:47:18,396   INFO  Not updated weight backbone_2d.blocks.0.0.downsample_layer.1.weight: torch.Size([128])
2024-05-27 20:47:18,396   INFO  Not updated weight backbone_2d.blocks.0.0.downsample_layer.1.bias: torch.Size([128])
2024-05-27 20:47:18,397   INFO  Not updated weight backbone_2d.blocks.0.0.downsample_layer.1.running_mean: torch.Size([128])
2024-05-27 20:47:18,397   INFO  Not updated weight backbone_2d.blocks.0.0.downsample_layer.1.running_var: torch.Size([128])
2024-05-27 20:47:18,397   INFO  Not updated weight backbone_2d.blocks.0.0.downsample_layer.1.num_batches_tracked: torch.Size([])
2024-05-27 20:47:18,397   INFO  Not updated weight backbone_2d.blocks.0.1.conv1.weight: torch.Size([128, 128, 3, 3])
2024-05-27 20:47:18,397   INFO  Not updated weight backbone_2d.blocks.0.1.bn1.weight: torch.Size([128])
2024-05-27 20:47:18,397   INFO  Not updated weight backbone_2d.blocks.0.1.bn1.bias: torch.Size([128])
2024-05-27 20:47:18,397   INFO  Not updated weight backbone_2d.blocks.0.1.bn1.running_mean: torch.Size([128])
2024-05-27 20:47:18,397   INFO  Not updated weight backbone_2d.blocks.0.1.bn1.running_var: torch.Size([128])
2024-05-27 20:47:18,397   INFO  Not updated weight backbone_2d.blocks.0.1.bn1.num_batches_tracked: torch.Size([])
2024-05-27 20:47:18,397   INFO  Not updated weight backbone_2d.blocks.0.1.conv2.weight: torch.Size([128, 128, 3, 3])
2024-05-27 20:47:18,398   INFO  Not updated weight backbone_2d.blocks.0.1.bn2.weight: torch.Size([128])
2024-05-27 20:47:18,398   INFO  Not updated weight backbone_2d.blocks.0.1.bn2.bias: torch.Size([128])
2024-05-27 20:47:18,398   INFO  Not updated weight backbone_2d.blocks.0.1.bn2.running_mean: torch.Size([128])
2024-05-27 20:47:18,398   INFO  Not updated weight backbone_2d.blocks.0.1.bn2.running_var: torch.Size([128])
2024-05-27 20:47:18,398   INFO  Not updated weight backbone_2d.blocks.0.1.bn2.num_batches_tracked: torch.Size([])
2024-05-27 20:47:18,398   INFO  Not updated weight backbone_2d.blocks.1.0.conv1.weight: torch.Size([128, 128, 3, 3])
2024-05-27 20:47:18,398   INFO  Not updated weight backbone_2d.blocks.1.0.bn1.weight: torch.Size([128])
2024-05-27 20:47:18,398   INFO  Not updated weight backbone_2d.blocks.1.0.bn1.bias: torch.Size([128])
2024-05-27 20:47:18,398   INFO  Not updated weight backbone_2d.blocks.1.0.bn1.running_mean: torch.Size([128])
2024-05-27 20:47:18,398   INFO  Not updated weight backbone_2d.blocks.1.0.bn1.running_var: torch.Size([128])
2024-05-27 20:47:18,398   INFO  Not updated weight backbone_2d.blocks.1.0.bn1.num_batches_tracked: torch.Size([])
2024-05-27 20:47:18,399   INFO  Not updated weight backbone_2d.blocks.1.0.conv2.weight: torch.Size([128, 128, 3, 3])
2024-05-27 20:47:18,399   INFO  Not updated weight backbone_2d.blocks.1.0.bn2.weight: torch.Size([128])
2024-05-27 20:47:18,399   INFO  Not updated weight backbone_2d.blocks.1.0.bn2.bias: torch.Size([128])
2024-05-27 20:47:18,399   INFO  Not updated weight backbone_2d.blocks.1.0.bn2.running_mean: torch.Size([128])
2024-05-27 20:47:18,399   INFO  Not updated weight backbone_2d.blocks.1.0.bn2.running_var: torch.Size([128])
2024-05-27 20:47:18,399   INFO  Not updated weight backbone_2d.blocks.1.0.bn2.num_batches_tracked: torch.Size([])
2024-05-27 20:47:18,399   INFO  Not updated weight backbone_2d.blocks.1.0.downsample_layer.0.weight: torch.Size([128, 128, 1, 1])
2024-05-27 20:47:18,399   INFO  Not updated weight backbone_2d.blocks.1.0.downsample_layer.1.weight: torch.Size([128])
2024-05-27 20:47:18,399   INFO  Not updated weight backbone_2d.blocks.1.0.downsample_layer.1.bias: torch.Size([128])
2024-05-27 20:47:18,399   INFO  Not updated weight backbone_2d.blocks.1.0.downsample_layer.1.running_mean: torch.Size([128])
2024-05-27 20:47:18,400   INFO  Not updated weight backbone_2d.blocks.1.0.downsample_layer.1.running_var: torch.Size([128])
2024-05-27 20:47:18,400   INFO  Not updated weight backbone_2d.blocks.1.0.downsample_layer.1.num_batches_tracked: torch.Size([])
2024-05-27 20:47:18,400   INFO  Not updated weight backbone_2d.blocks.1.1.conv1.weight: torch.Size([128, 128, 3, 3])
2024-05-27 20:47:18,400   INFO  Not updated weight backbone_2d.blocks.1.1.bn1.weight: torch.Size([128])
2024-05-27 20:47:18,400   INFO  Not updated weight backbone_2d.blocks.1.1.bn1.bias: torch.Size([128])
2024-05-27 20:47:18,400   INFO  Not updated weight backbone_2d.blocks.1.1.bn1.running_mean: torch.Size([128])
2024-05-27 20:47:18,400   INFO  Not updated weight backbone_2d.blocks.1.1.bn1.running_var: torch.Size([128])
2024-05-27 20:47:18,400   INFO  Not updated weight backbone_2d.blocks.1.1.bn1.num_batches_tracked: torch.Size([])
2024-05-27 20:47:18,400   INFO  Not updated weight backbone_2d.blocks.1.1.conv2.weight: torch.Size([128, 128, 3, 3])
2024-05-27 20:47:18,400   INFO  Not updated weight backbone_2d.blocks.1.1.bn2.weight: torch.Size([128])
2024-05-27 20:47:18,401   INFO  Not updated weight backbone_2d.blocks.1.1.bn2.bias: torch.Size([128])
2024-05-27 20:47:18,401   INFO  Not updated weight backbone_2d.blocks.1.1.bn2.running_mean: torch.Size([128])
2024-05-27 20:47:18,401   INFO  Not updated weight backbone_2d.blocks.1.1.bn2.running_var: torch.Size([128])
2024-05-27 20:47:18,401   INFO  Not updated weight backbone_2d.blocks.1.1.bn2.num_batches_tracked: torch.Size([])
2024-05-27 20:47:18,401   INFO  Not updated weight backbone_2d.blocks.1.2.conv1.weight: torch.Size([128, 128, 3, 3])
2024-05-27 20:47:18,401   INFO  Not updated weight backbone_2d.blocks.1.2.bn1.weight: torch.Size([128])
2024-05-27 20:47:18,401   INFO  Not updated weight backbone_2d.blocks.1.2.bn1.bias: torch.Size([128])
2024-05-27 20:47:18,401   INFO  Not updated weight backbone_2d.blocks.1.2.bn1.running_mean: torch.Size([128])
2024-05-27 20:47:18,401   INFO  Not updated weight backbone_2d.blocks.1.2.bn1.running_var: torch.Size([128])
2024-05-27 20:47:18,401   INFO  Not updated weight backbone_2d.blocks.1.2.bn1.num_batches_tracked: torch.Size([])
2024-05-27 20:47:18,402   INFO  Not updated weight backbone_2d.blocks.1.2.conv2.weight: torch.Size([128, 128, 3, 3])
2024-05-27 20:47:18,402   INFO  Not updated weight backbone_2d.blocks.1.2.bn2.weight: torch.Size([128])
2024-05-27 20:47:18,402   INFO  Not updated weight backbone_2d.blocks.1.2.bn2.bias: torch.Size([128])
2024-05-27 20:47:18,402   INFO  Not updated weight backbone_2d.blocks.1.2.bn2.running_mean: torch.Size([128])
2024-05-27 20:47:18,402   INFO  Not updated weight backbone_2d.blocks.1.2.bn2.running_var: torch.Size([128])
2024-05-27 20:47:18,402   INFO  Not updated weight backbone_2d.blocks.1.2.bn2.num_batches_tracked: torch.Size([])
2024-05-27 20:47:18,402   INFO  Not updated weight backbone_2d.blocks.2.0.conv1.weight: torch.Size([256, 128, 3, 3])
2024-05-27 20:47:18,402   INFO  Not updated weight backbone_2d.blocks.2.0.bn1.weight: torch.Size([256])
2024-05-27 20:47:18,402   INFO  Not updated weight backbone_2d.blocks.2.0.bn1.bias: torch.Size([256])
2024-05-27 20:47:18,402   INFO  Not updated weight backbone_2d.blocks.2.0.bn1.running_mean: torch.Size([256])
2024-05-27 20:47:18,402   INFO  Not updated weight backbone_2d.blocks.2.0.bn1.running_var: torch.Size([256])
2024-05-27 20:47:18,403   INFO  Not updated weight backbone_2d.blocks.2.0.bn1.num_batches_tracked: torch.Size([])
2024-05-27 20:47:18,403   INFO  Not updated weight backbone_2d.blocks.2.0.conv2.weight: torch.Size([256, 256, 3, 3])
2024-05-27 20:47:18,403   INFO  Not updated weight backbone_2d.blocks.2.0.bn2.weight: torch.Size([256])
2024-05-27 20:47:18,403   INFO  Not updated weight backbone_2d.blocks.2.0.bn2.bias: torch.Size([256])
2024-05-27 20:47:18,403   INFO  Not updated weight backbone_2d.blocks.2.0.bn2.running_mean: torch.Size([256])
2024-05-27 20:47:18,403   INFO  Not updated weight backbone_2d.blocks.2.0.bn2.running_var: torch.Size([256])
2024-05-27 20:47:18,403   INFO  Not updated weight backbone_2d.blocks.2.0.bn2.num_batches_tracked: torch.Size([])
2024-05-27 20:47:18,403   INFO  Not updated weight backbone_2d.blocks.2.0.downsample_layer.0.weight: torch.Size([256, 128, 1, 1])
2024-05-27 20:47:18,403   INFO  Not updated weight backbone_2d.blocks.2.0.downsample_layer.1.weight: torch.Size([256])
2024-05-27 20:47:18,403   INFO  Not updated weight backbone_2d.blocks.2.0.downsample_layer.1.bias: torch.Size([256])
2024-05-27 20:47:18,404   INFO  Not updated weight backbone_2d.blocks.2.0.downsample_layer.1.running_mean: torch.Size([256])
2024-05-27 20:47:18,404   INFO  Not updated weight backbone_2d.blocks.2.0.downsample_layer.1.running_var: torch.Size([256])
2024-05-27 20:47:18,404   INFO  Not updated weight backbone_2d.blocks.2.0.downsample_layer.1.num_batches_tracked: torch.Size([])
2024-05-27 20:47:18,404   INFO  Not updated weight backbone_2d.blocks.2.1.conv1.weight: torch.Size([256, 256, 3, 3])
2024-05-27 20:47:18,404   INFO  Not updated weight backbone_2d.blocks.2.1.bn1.weight: torch.Size([256])
2024-05-27 20:47:18,404   INFO  Not updated weight backbone_2d.blocks.2.1.bn1.bias: torch.Size([256])
2024-05-27 20:47:18,404   INFO  Not updated weight backbone_2d.blocks.2.1.bn1.running_mean: torch.Size([256])
2024-05-27 20:47:18,404   INFO  Not updated weight backbone_2d.blocks.2.1.bn1.running_var: torch.Size([256])
2024-05-27 20:47:18,404   INFO  Not updated weight backbone_2d.blocks.2.1.bn1.num_batches_tracked: torch.Size([])
2024-05-27 20:47:18,404   INFO  Not updated weight backbone_2d.blocks.2.1.conv2.weight: torch.Size([256, 256, 3, 3])
2024-05-27 20:47:18,405   INFO  Not updated weight backbone_2d.blocks.2.1.bn2.weight: torch.Size([256])
2024-05-27 20:47:18,405   INFO  Not updated weight backbone_2d.blocks.2.1.bn2.bias: torch.Size([256])
2024-05-27 20:47:18,405   INFO  Not updated weight backbone_2d.blocks.2.1.bn2.running_mean: torch.Size([256])
2024-05-27 20:47:18,405   INFO  Not updated weight backbone_2d.blocks.2.1.bn2.running_var: torch.Size([256])
2024-05-27 20:47:18,405   INFO  Not updated weight backbone_2d.blocks.2.1.bn2.num_batches_tracked: torch.Size([])
2024-05-27 20:47:18,405   INFO  Not updated weight backbone_2d.blocks.2.2.conv1.weight: torch.Size([256, 256, 3, 3])
2024-05-27 20:47:18,405   INFO  Not updated weight backbone_2d.blocks.2.2.bn1.weight: torch.Size([256])
2024-05-27 20:47:18,405   INFO  Not updated weight backbone_2d.blocks.2.2.bn1.bias: torch.Size([256])
2024-05-27 20:47:18,405   INFO  Not updated weight backbone_2d.blocks.2.2.bn1.running_mean: torch.Size([256])
2024-05-27 20:47:18,405   INFO  Not updated weight backbone_2d.blocks.2.2.bn1.running_var: torch.Size([256])
2024-05-27 20:47:18,405   INFO  Not updated weight backbone_2d.blocks.2.2.bn1.num_batches_tracked: torch.Size([])
2024-05-27 20:47:18,406   INFO  Not updated weight backbone_2d.blocks.2.2.conv2.weight: torch.Size([256, 256, 3, 3])
2024-05-27 20:47:18,406   INFO  Not updated weight backbone_2d.blocks.2.2.bn2.weight: torch.Size([256])
2024-05-27 20:47:18,406   INFO  Not updated weight backbone_2d.blocks.2.2.bn2.bias: torch.Size([256])
2024-05-27 20:47:18,406   INFO  Not updated weight backbone_2d.blocks.2.2.bn2.running_mean: torch.Size([256])
2024-05-27 20:47:18,406   INFO  Not updated weight backbone_2d.blocks.2.2.bn2.running_var: torch.Size([256])
2024-05-27 20:47:18,406   INFO  Not updated weight backbone_2d.blocks.2.2.bn2.num_batches_tracked: torch.Size([])
2024-05-27 20:47:18,406   INFO  Not updated weight backbone_2d.deblocks.0.0.weight: torch.Size([128, 128, 2, 2])
2024-05-27 20:47:18,406   INFO  Not updated weight dense_head.shared_conv.weight: torch.Size([128, 384, 3, 3])
2024-05-27 20:47:18,406   INFO  Not updated weight dense_head.shared_conv.bias: torch.Size([128])
2024-05-27 20:47:18,406   INFO  Not updated weight dense_head.heatmap_head.0.conv.weight: torch.Size([128, 128, 3, 3])
2024-05-27 20:47:18,407   INFO  Not updated weight dense_head.heatmap_head.0.conv.bias: torch.Size([128])
2024-05-27 20:47:18,407   INFO  Not updated weight dense_head.heatmap_head.0.bn.weight: torch.Size([128])
2024-05-27 20:47:18,407   INFO  Not updated weight dense_head.heatmap_head.0.bn.bias: torch.Size([128])
2024-05-27 20:47:18,407   INFO  Not updated weight dense_head.heatmap_head.0.bn.running_mean: torch.Size([128])
2024-05-27 20:47:18,407   INFO  Not updated weight dense_head.heatmap_head.0.bn.running_var: torch.Size([128])
2024-05-27 20:47:18,407   INFO  Not updated weight dense_head.heatmap_head.0.bn.num_batches_tracked: torch.Size([])
2024-05-27 20:47:18,407   INFO  Not updated weight dense_head.heatmap_head.1.weight: torch.Size([10, 128, 3, 3])
2024-05-27 20:47:18,407   INFO  Not updated weight dense_head.heatmap_head.1.bias: torch.Size([10])
2024-05-27 20:47:18,407   INFO  Not updated weight dense_head.class_encoding.weight: torch.Size([128, 10, 1])
2024-05-27 20:47:18,407   INFO  Not updated weight dense_head.class_encoding.bias: torch.Size([128])
2024-05-27 20:47:18,408   INFO  Not updated weight dense_head.decoder.self_attn.in_proj_weight: torch.Size([384, 128])
2024-05-27 20:47:18,408   INFO  Not updated weight dense_head.decoder.self_attn.in_proj_bias: torch.Size([384])
2024-05-27 20:47:18,408   INFO  Not updated weight dense_head.decoder.self_attn.out_proj.weight: torch.Size([128, 128])
2024-05-27 20:47:18,408   INFO  Not updated weight dense_head.decoder.self_attn.out_proj.bias: torch.Size([128])
2024-05-27 20:47:18,408   INFO  Not updated weight dense_head.decoder.multihead_attn.in_proj_weight: torch.Size([384, 128])
2024-05-27 20:47:18,408   INFO  Not updated weight dense_head.decoder.multihead_attn.in_proj_bias: torch.Size([384])
2024-05-27 20:47:18,408   INFO  Not updated weight dense_head.decoder.multihead_attn.out_proj.weight: torch.Size([128, 128])
2024-05-27 20:47:18,408   INFO  Not updated weight dense_head.decoder.multihead_attn.out_proj.bias: torch.Size([128])
2024-05-27 20:47:18,408   INFO  Not updated weight dense_head.decoder.linear1.weight: torch.Size([256, 128])
2024-05-27 20:47:18,408   INFO  Not updated weight dense_head.decoder.linear1.bias: torch.Size([256])
2024-05-27 20:47:18,409   INFO  Not updated weight dense_head.decoder.linear2.weight: torch.Size([128, 256])
2024-05-27 20:47:18,409   INFO  Not updated weight dense_head.decoder.linear2.bias: torch.Size([128])
2024-05-27 20:47:18,409   INFO  Not updated weight dense_head.decoder.norm1.weight: torch.Size([128])
2024-05-27 20:47:18,409   INFO  Not updated weight dense_head.decoder.norm1.bias: torch.Size([128])
2024-05-27 20:47:18,409   INFO  Not updated weight dense_head.decoder.norm2.weight: torch.Size([128])
2024-05-27 20:47:18,409   INFO  Not updated weight dense_head.decoder.norm2.bias: torch.Size([128])
2024-05-27 20:47:18,409   INFO  Not updated weight dense_head.decoder.norm3.weight: torch.Size([128])
2024-05-27 20:47:18,409   INFO  Not updated weight dense_head.decoder.norm3.bias: torch.Size([128])
2024-05-27 20:47:18,409   INFO  Not updated weight dense_head.decoder.self_posembed.position_embedding_head.0.weight: torch.Size([128, 2, 1])
2024-05-27 20:47:18,410   INFO  Not updated weight dense_head.decoder.self_posembed.position_embedding_head.0.bias: torch.Size([128])
2024-05-27 20:47:18,410   INFO  Not updated weight dense_head.decoder.self_posembed.position_embedding_head.1.weight: torch.Size([128])
2024-05-27 20:47:18,410   INFO  Not updated weight dense_head.decoder.self_posembed.position_embedding_head.1.bias: torch.Size([128])
2024-05-27 20:47:18,410   INFO  Not updated weight dense_head.decoder.self_posembed.position_embedding_head.1.running_mean: torch.Size([128])
2024-05-27 20:47:18,410   INFO  Not updated weight dense_head.decoder.self_posembed.position_embedding_head.1.running_var: torch.Size([128])
2024-05-27 20:47:18,410   INFO  Not updated weight dense_head.decoder.self_posembed.position_embedding_head.1.num_batches_tracked: torch.Size([])
2024-05-27 20:47:18,410   INFO  Not updated weight dense_head.decoder.self_posembed.position_embedding_head.3.weight: torch.Size([128, 128, 1])
2024-05-27 20:47:18,410   INFO  Not updated weight dense_head.decoder.self_posembed.position_embedding_head.3.bias: torch.Size([128])
2024-05-27 20:47:18,410   INFO  Not updated weight dense_head.decoder.cross_posembed.position_embedding_head.0.weight: torch.Size([128, 2, 1])
2024-05-27 20:47:18,411   INFO  Not updated weight dense_head.decoder.cross_posembed.position_embedding_head.0.bias: torch.Size([128])
2024-05-27 20:47:18,411   INFO  Not updated weight dense_head.decoder.cross_posembed.position_embedding_head.1.weight: torch.Size([128])
2024-05-27 20:47:18,411   INFO  Not updated weight dense_head.decoder.cross_posembed.position_embedding_head.1.bias: torch.Size([128])
2024-05-27 20:47:18,411   INFO  Not updated weight dense_head.decoder.cross_posembed.position_embedding_head.1.running_mean: torch.Size([128])
2024-05-27 20:47:18,411   INFO  Not updated weight dense_head.decoder.cross_posembed.position_embedding_head.1.running_var: torch.Size([128])
2024-05-27 20:47:18,411   INFO  Not updated weight dense_head.decoder.cross_posembed.position_embedding_head.1.num_batches_tracked: torch.Size([])
2024-05-27 20:47:18,411   INFO  Not updated weight dense_head.decoder.cross_posembed.position_embedding_head.3.weight: torch.Size([128, 128, 1])
2024-05-27 20:47:18,411   INFO  Not updated weight dense_head.decoder.cross_posembed.position_embedding_head.3.bias: torch.Size([128])
2024-05-27 20:47:18,411   INFO  Not updated weight dense_head.prediction_head.center.0.0.weight: torch.Size([64, 128, 1])
2024-05-27 20:47:18,412   INFO  Not updated weight dense_head.prediction_head.center.0.0.bias: torch.Size([64])
2024-05-27 20:47:18,412   INFO  Not updated weight dense_head.prediction_head.center.0.1.weight: torch.Size([64])
2024-05-27 20:47:18,412   INFO  Not updated weight dense_head.prediction_head.center.0.1.bias: torch.Size([64])
2024-05-27 20:47:18,412   INFO  Not updated weight dense_head.prediction_head.center.0.1.running_mean: torch.Size([64])
2024-05-27 20:47:18,412   INFO  Not updated weight dense_head.prediction_head.center.0.1.running_var: torch.Size([64])
2024-05-27 20:47:18,412   INFO  Not updated weight dense_head.prediction_head.center.0.1.num_batches_tracked: torch.Size([])
2024-05-27 20:47:18,412   INFO  Not updated weight dense_head.prediction_head.center.1.weight: torch.Size([2, 64, 1])
2024-05-27 20:47:18,412   INFO  Not updated weight dense_head.prediction_head.center.1.bias: torch.Size([2])
2024-05-27 20:47:18,412   INFO  Not updated weight dense_head.prediction_head.height.0.0.weight: torch.Size([64, 128, 1])
2024-05-27 20:47:18,412   INFO  Not updated weight dense_head.prediction_head.height.0.0.bias: torch.Size([64])
2024-05-27 20:47:18,413   INFO  Not updated weight dense_head.prediction_head.height.0.1.weight: torch.Size([64])
2024-05-27 20:47:18,413   INFO  Not updated weight dense_head.prediction_head.height.0.1.bias: torch.Size([64])
2024-05-27 20:47:18,413   INFO  Not updated weight dense_head.prediction_head.height.0.1.running_mean: torch.Size([64])
2024-05-27 20:47:18,413   INFO  Not updated weight dense_head.prediction_head.height.0.1.running_var: torch.Size([64])
2024-05-27 20:47:18,413   INFO  Not updated weight dense_head.prediction_head.height.0.1.num_batches_tracked: torch.Size([])
2024-05-27 20:47:18,413   INFO  Not updated weight dense_head.prediction_head.height.1.weight: torch.Size([1, 64, 1])
2024-05-27 20:47:18,413   INFO  Not updated weight dense_head.prediction_head.height.1.bias: torch.Size([1])
2024-05-27 20:47:18,413   INFO  Not updated weight dense_head.prediction_head.dim.0.0.weight: torch.Size([64, 128, 1])
2024-05-27 20:47:18,413   INFO  Not updated weight dense_head.prediction_head.dim.0.0.bias: torch.Size([64])
2024-05-27 20:47:18,414   INFO  Not updated weight dense_head.prediction_head.dim.0.1.weight: torch.Size([64])
2024-05-27 20:47:18,414   INFO  Not updated weight dense_head.prediction_head.dim.0.1.bias: torch.Size([64])
2024-05-27 20:47:18,414   INFO  Not updated weight dense_head.prediction_head.dim.0.1.running_mean: torch.Size([64])
2024-05-27 20:47:18,414   INFO  Not updated weight dense_head.prediction_head.dim.0.1.running_var: torch.Size([64])
2024-05-27 20:47:18,414   INFO  Not updated weight dense_head.prediction_head.dim.0.1.num_batches_tracked: torch.Size([])
2024-05-27 20:47:18,414   INFO  Not updated weight dense_head.prediction_head.dim.1.weight: torch.Size([3, 64, 1])
2024-05-27 20:47:18,414   INFO  Not updated weight dense_head.prediction_head.dim.1.bias: torch.Size([3])
2024-05-27 20:47:18,414   INFO  Not updated weight dense_head.prediction_head.rot.0.0.weight: torch.Size([64, 128, 1])
2024-05-27 20:47:18,414   INFO  Not updated weight dense_head.prediction_head.rot.0.0.bias: torch.Size([64])
2024-05-27 20:47:18,415   INFO  Not updated weight dense_head.prediction_head.rot.0.1.weight: torch.Size([64])
2024-05-27 20:47:18,415   INFO  Not updated weight dense_head.prediction_head.rot.0.1.bias: torch.Size([64])
2024-05-27 20:47:18,415   INFO  Not updated weight dense_head.prediction_head.rot.0.1.running_mean: torch.Size([64])
2024-05-27 20:47:18,415   INFO  Not updated weight dense_head.prediction_head.rot.0.1.running_var: torch.Size([64])
2024-05-27 20:47:18,415   INFO  Not updated weight dense_head.prediction_head.rot.0.1.num_batches_tracked: torch.Size([])
2024-05-27 20:47:18,415   INFO  Not updated weight dense_head.prediction_head.rot.1.weight: torch.Size([2, 64, 1])
2024-05-27 20:47:18,415   INFO  Not updated weight dense_head.prediction_head.rot.1.bias: torch.Size([2])
2024-05-27 20:47:18,415   INFO  Not updated weight dense_head.prediction_head.vel.0.0.weight: torch.Size([64, 128, 1])
2024-05-27 20:47:18,415   INFO  Not updated weight dense_head.prediction_head.vel.0.0.bias: torch.Size([64])
2024-05-27 20:47:18,415   INFO  Not updated weight dense_head.prediction_head.vel.0.1.weight: torch.Size([64])
2024-05-27 20:47:18,416   INFO  Not updated weight dense_head.prediction_head.vel.0.1.bias: torch.Size([64])
2024-05-27 20:47:18,416   INFO  Not updated weight dense_head.prediction_head.vel.0.1.running_mean: torch.Size([64])
2024-05-27 20:47:18,416   INFO  Not updated weight dense_head.prediction_head.vel.0.1.running_var: torch.Size([64])
2024-05-27 20:47:18,416   INFO  Not updated weight dense_head.prediction_head.vel.0.1.num_batches_tracked: torch.Size([])
2024-05-27 20:47:18,416   INFO  Not updated weight dense_head.prediction_head.vel.1.weight: torch.Size([2, 64, 1])
2024-05-27 20:47:18,416   INFO  Not updated weight dense_head.prediction_head.vel.1.bias: torch.Size([2])
2024-05-27 20:47:18,416   INFO  Not updated weight dense_head.prediction_head.iou.0.0.weight: torch.Size([64, 128, 1])
2024-05-27 20:47:18,416   INFO  Not updated weight dense_head.prediction_head.iou.0.0.bias: torch.Size([64])
2024-05-27 20:47:18,416   INFO  Not updated weight dense_head.prediction_head.iou.0.1.weight: torch.Size([64])
2024-05-27 20:47:18,417   INFO  Not updated weight dense_head.prediction_head.iou.0.1.bias: torch.Size([64])
2024-05-27 20:47:18,417   INFO  Not updated weight dense_head.prediction_head.iou.0.1.running_mean: torch.Size([64])
2024-05-27 20:47:18,417   INFO  Not updated weight dense_head.prediction_head.iou.0.1.running_var: torch.Size([64])
2024-05-27 20:47:18,417   INFO  Not updated weight dense_head.prediction_head.iou.0.1.num_batches_tracked: torch.Size([])
2024-05-27 20:47:18,417   INFO  Not updated weight dense_head.prediction_head.iou.1.weight: torch.Size([1, 64, 1])
2024-05-27 20:47:18,417   INFO  Not updated weight dense_head.prediction_head.iou.1.bias: torch.Size([1])
2024-05-27 20:47:18,417   INFO  Not updated weight dense_head.prediction_head.heatmap.0.0.weight: torch.Size([64, 128, 1])
2024-05-27 20:47:18,417   INFO  Not updated weight dense_head.prediction_head.heatmap.0.0.bias: torch.Size([64])
2024-05-27 20:47:18,417   INFO  Not updated weight dense_head.prediction_head.heatmap.0.1.weight: torch.Size([64])
2024-05-27 20:47:18,418   INFO  Not updated weight dense_head.prediction_head.heatmap.0.1.bias: torch.Size([64])
2024-05-27 20:47:18,418   INFO  Not updated weight dense_head.prediction_head.heatmap.0.1.running_mean: torch.Size([64])
2024-05-27 20:47:18,418   INFO  Not updated weight dense_head.prediction_head.heatmap.0.1.running_var: torch.Size([64])
2024-05-27 20:47:18,418   INFO  Not updated weight dense_head.prediction_head.heatmap.0.1.num_batches_tracked: torch.Size([])
2024-05-27 20:47:18,418   INFO  Not updated weight dense_head.prediction_head.heatmap.1.weight: torch.Size([10, 64, 1])
2024-05-27 20:47:18,418   INFO  Not updated weight dense_head.prediction_head.heatmap.1.bias: torch.Size([10])
2024-05-27 20:47:18,418   INFO  ==> Done (loaded 20/449)
2024-05-27 20:54:17,001   INFO  Loading NuScenes dataset
2024-05-27 20:54:17,005   INFO  Total samples for NuScenes dataset: 81
2024-05-27 20:54:17,963   INFO  ==> Loading parameters from checkpoint output/cfgs/nuscenes_models/cbgs_dyn_pp_centerpoint/default/ckpt/checkpoint_epoch_9.pth to GPU
2024-05-27 20:54:18,082   INFO  ==> Checkpoint trained from version: pcdet+0.6.0+81f4b9e
2024-05-27 20:54:18,091   INFO  Not updated weight vfe.pfn_layers.0.linear.weight: torch.Size([64, 11])
2024-05-27 20:54:18,091   INFO  Not updated weight vfe.pfn_layers.0.norm.weight: torch.Size([64])
2024-05-27 20:54:18,091   INFO  Not updated weight vfe.pfn_layers.0.norm.bias: torch.Size([64])
2024-05-27 20:54:18,092   INFO  Not updated weight vfe.pfn_layers.0.norm.running_mean: torch.Size([64])
2024-05-27 20:54:18,092   INFO  Not updated weight vfe.pfn_layers.0.norm.running_var: torch.Size([64])
2024-05-27 20:54:18,092   INFO  Not updated weight vfe.pfn_layers.1.linear.weight: torch.Size([128, 128])
2024-05-27 20:54:18,092   INFO  Not updated weight vfe.pfn_layers.1.norm.weight: torch.Size([128])
2024-05-27 20:54:18,092   INFO  Not updated weight vfe.pfn_layers.1.norm.bias: torch.Size([128])
2024-05-27 20:54:18,092   INFO  Not updated weight vfe.pfn_layers.1.norm.running_mean: torch.Size([128])
2024-05-27 20:54:18,092   INFO  Not updated weight vfe.pfn_layers.1.norm.running_var: torch.Size([128])
2024-05-27 20:54:18,092   INFO  Not updated weight backbone_3d.input_layer.posembed_layers.0.0.0.position_embedding_head.0.weight: torch.Size([128, 2])
2024-05-27 20:54:18,092   INFO  Not updated weight backbone_3d.input_layer.posembed_layers.0.0.0.position_embedding_head.0.bias: torch.Size([128])
2024-05-27 20:54:18,092   INFO  Not updated weight backbone_3d.input_layer.posembed_layers.0.0.0.position_embedding_head.1.weight: torch.Size([128])
2024-05-27 20:54:18,092   INFO  Not updated weight backbone_3d.input_layer.posembed_layers.0.0.0.position_embedding_head.1.bias: torch.Size([128])
2024-05-27 20:54:18,092   INFO  Not updated weight backbone_3d.input_layer.posembed_layers.0.0.0.position_embedding_head.1.running_mean: torch.Size([128])
2024-05-27 20:54:18,092   INFO  Not updated weight backbone_3d.input_layer.posembed_layers.0.0.0.position_embedding_head.1.running_var: torch.Size([128])
2024-05-27 20:54:18,092   INFO  Not updated weight backbone_3d.input_layer.posembed_layers.0.0.0.position_embedding_head.1.num_batches_tracked: torch.Size([])
2024-05-27 20:54:18,092   INFO  Not updated weight backbone_3d.input_layer.posembed_layers.0.0.0.position_embedding_head.3.weight: torch.Size([128, 128])
2024-05-27 20:54:18,092   INFO  Not updated weight backbone_3d.input_layer.posembed_layers.0.0.0.position_embedding_head.3.bias: torch.Size([128])
2024-05-27 20:54:18,092   INFO  Not updated weight backbone_3d.input_layer.posembed_layers.0.0.1.position_embedding_head.0.weight: torch.Size([128, 2])
2024-05-27 20:54:18,092   INFO  Not updated weight backbone_3d.input_layer.posembed_layers.0.0.1.position_embedding_head.0.bias: torch.Size([128])
2024-05-27 20:54:18,092   INFO  Not updated weight backbone_3d.input_layer.posembed_layers.0.0.1.position_embedding_head.1.weight: torch.Size([128])
2024-05-27 20:54:18,092   INFO  Not updated weight backbone_3d.input_layer.posembed_layers.0.0.1.position_embedding_head.1.bias: torch.Size([128])
2024-05-27 20:54:18,092   INFO  Not updated weight backbone_3d.input_layer.posembed_layers.0.0.1.position_embedding_head.1.running_mean: torch.Size([128])
2024-05-27 20:54:18,092   INFO  Not updated weight backbone_3d.input_layer.posembed_layers.0.0.1.position_embedding_head.1.running_var: torch.Size([128])
2024-05-27 20:54:18,092   INFO  Not updated weight backbone_3d.input_layer.posembed_layers.0.0.1.position_embedding_head.1.num_batches_tracked: torch.Size([])
2024-05-27 20:54:18,092   INFO  Not updated weight backbone_3d.input_layer.posembed_layers.0.0.1.position_embedding_head.3.weight: torch.Size([128, 128])
2024-05-27 20:54:18,092   INFO  Not updated weight backbone_3d.input_layer.posembed_layers.0.0.1.position_embedding_head.3.bias: torch.Size([128])
2024-05-27 20:54:18,092   INFO  Not updated weight backbone_3d.input_layer.posembed_layers.0.1.0.position_embedding_head.0.weight: torch.Size([128, 2])
2024-05-27 20:54:18,092   INFO  Not updated weight backbone_3d.input_layer.posembed_layers.0.1.0.position_embedding_head.0.bias: torch.Size([128])
2024-05-27 20:54:18,092   INFO  Not updated weight backbone_3d.input_layer.posembed_layers.0.1.0.position_embedding_head.1.weight: torch.Size([128])
2024-05-27 20:54:18,093   INFO  Not updated weight backbone_3d.input_layer.posembed_layers.0.1.0.position_embedding_head.1.bias: torch.Size([128])
2024-05-27 20:54:18,093   INFO  Not updated weight backbone_3d.input_layer.posembed_layers.0.1.0.position_embedding_head.1.running_mean: torch.Size([128])
2024-05-27 20:54:18,093   INFO  Not updated weight backbone_3d.input_layer.posembed_layers.0.1.0.position_embedding_head.1.running_var: torch.Size([128])
2024-05-27 20:54:18,093   INFO  Not updated weight backbone_3d.input_layer.posembed_layers.0.1.0.position_embedding_head.1.num_batches_tracked: torch.Size([])
2024-05-27 20:54:18,093   INFO  Not updated weight backbone_3d.input_layer.posembed_layers.0.1.0.position_embedding_head.3.weight: torch.Size([128, 128])
2024-05-27 20:54:18,093   INFO  Not updated weight backbone_3d.input_layer.posembed_layers.0.1.0.position_embedding_head.3.bias: torch.Size([128])
2024-05-27 20:54:18,093   INFO  Not updated weight backbone_3d.input_layer.posembed_layers.0.1.1.position_embedding_head.0.weight: torch.Size([128, 2])
2024-05-27 20:54:18,093   INFO  Not updated weight backbone_3d.input_layer.posembed_layers.0.1.1.position_embedding_head.0.bias: torch.Size([128])
2024-05-27 20:54:18,093   INFO  Not updated weight backbone_3d.input_layer.posembed_layers.0.1.1.position_embedding_head.1.weight: torch.Size([128])
2024-05-27 20:54:18,093   INFO  Not updated weight backbone_3d.input_layer.posembed_layers.0.1.1.position_embedding_head.1.bias: torch.Size([128])
2024-05-27 20:54:18,093   INFO  Not updated weight backbone_3d.input_layer.posembed_layers.0.1.1.position_embedding_head.1.running_mean: torch.Size([128])
2024-05-27 20:54:18,093   INFO  Not updated weight backbone_3d.input_layer.posembed_layers.0.1.1.position_embedding_head.1.running_var: torch.Size([128])
2024-05-27 20:54:18,093   INFO  Not updated weight backbone_3d.input_layer.posembed_layers.0.1.1.position_embedding_head.1.num_batches_tracked: torch.Size([])
2024-05-27 20:54:18,093   INFO  Not updated weight backbone_3d.input_layer.posembed_layers.0.1.1.position_embedding_head.3.weight: torch.Size([128, 128])
2024-05-27 20:54:18,093   INFO  Not updated weight backbone_3d.input_layer.posembed_layers.0.1.1.position_embedding_head.3.bias: torch.Size([128])
2024-05-27 20:54:18,093   INFO  Not updated weight backbone_3d.input_layer.posembed_layers.0.2.0.position_embedding_head.0.weight: torch.Size([128, 2])
2024-05-27 20:54:18,093   INFO  Not updated weight backbone_3d.input_layer.posembed_layers.0.2.0.position_embedding_head.0.bias: torch.Size([128])
2024-05-27 20:54:18,093   INFO  Not updated weight backbone_3d.input_layer.posembed_layers.0.2.0.position_embedding_head.1.weight: torch.Size([128])
2024-05-27 20:54:18,093   INFO  Not updated weight backbone_3d.input_layer.posembed_layers.0.2.0.position_embedding_head.1.bias: torch.Size([128])
2024-05-27 20:54:18,093   INFO  Not updated weight backbone_3d.input_layer.posembed_layers.0.2.0.position_embedding_head.1.running_mean: torch.Size([128])
2024-05-27 20:54:18,093   INFO  Not updated weight backbone_3d.input_layer.posembed_layers.0.2.0.position_embedding_head.1.running_var: torch.Size([128])
2024-05-27 20:54:18,093   INFO  Not updated weight backbone_3d.input_layer.posembed_layers.0.2.0.position_embedding_head.1.num_batches_tracked: torch.Size([])
2024-05-27 20:54:18,093   INFO  Not updated weight backbone_3d.input_layer.posembed_layers.0.2.0.position_embedding_head.3.weight: torch.Size([128, 128])
2024-05-27 20:54:18,093   INFO  Not updated weight backbone_3d.input_layer.posembed_layers.0.2.0.position_embedding_head.3.bias: torch.Size([128])
2024-05-27 20:54:18,093   INFO  Not updated weight backbone_3d.input_layer.posembed_layers.0.2.1.position_embedding_head.0.weight: torch.Size([128, 2])
2024-05-27 20:54:18,093   INFO  Not updated weight backbone_3d.input_layer.posembed_layers.0.2.1.position_embedding_head.0.bias: torch.Size([128])
2024-05-27 20:54:18,093   INFO  Not updated weight backbone_3d.input_layer.posembed_layers.0.2.1.position_embedding_head.1.weight: torch.Size([128])
2024-05-27 20:54:18,093   INFO  Not updated weight backbone_3d.input_layer.posembed_layers.0.2.1.position_embedding_head.1.bias: torch.Size([128])
2024-05-27 20:54:18,094   INFO  Not updated weight backbone_3d.input_layer.posembed_layers.0.2.1.position_embedding_head.1.running_mean: torch.Size([128])
2024-05-27 20:54:18,094   INFO  Not updated weight backbone_3d.input_layer.posembed_layers.0.2.1.position_embedding_head.1.running_var: torch.Size([128])
2024-05-27 20:54:18,094   INFO  Not updated weight backbone_3d.input_layer.posembed_layers.0.2.1.position_embedding_head.1.num_batches_tracked: torch.Size([])
2024-05-27 20:54:18,094   INFO  Not updated weight backbone_3d.input_layer.posembed_layers.0.2.1.position_embedding_head.3.weight: torch.Size([128, 128])
2024-05-27 20:54:18,094   INFO  Not updated weight backbone_3d.input_layer.posembed_layers.0.2.1.position_embedding_head.3.bias: torch.Size([128])
2024-05-27 20:54:18,094   INFO  Not updated weight backbone_3d.input_layer.posembed_layers.0.3.0.position_embedding_head.0.weight: torch.Size([128, 2])
2024-05-27 20:54:18,094   INFO  Not updated weight backbone_3d.input_layer.posembed_layers.0.3.0.position_embedding_head.0.bias: torch.Size([128])
2024-05-27 20:54:18,094   INFO  Not updated weight backbone_3d.input_layer.posembed_layers.0.3.0.position_embedding_head.1.weight: torch.Size([128])
2024-05-27 20:54:18,094   INFO  Not updated weight backbone_3d.input_layer.posembed_layers.0.3.0.position_embedding_head.1.bias: torch.Size([128])
2024-05-27 20:54:18,094   INFO  Not updated weight backbone_3d.input_layer.posembed_layers.0.3.0.position_embedding_head.1.running_mean: torch.Size([128])
2024-05-27 20:54:18,094   INFO  Not updated weight backbone_3d.input_layer.posembed_layers.0.3.0.position_embedding_head.1.running_var: torch.Size([128])
2024-05-27 20:54:18,094   INFO  Not updated weight backbone_3d.input_layer.posembed_layers.0.3.0.position_embedding_head.1.num_batches_tracked: torch.Size([])
2024-05-27 20:54:18,094   INFO  Not updated weight backbone_3d.input_layer.posembed_layers.0.3.0.position_embedding_head.3.weight: torch.Size([128, 128])
2024-05-27 20:54:18,094   INFO  Not updated weight backbone_3d.input_layer.posembed_layers.0.3.0.position_embedding_head.3.bias: torch.Size([128])
2024-05-27 20:54:18,094   INFO  Not updated weight backbone_3d.input_layer.posembed_layers.0.3.1.position_embedding_head.0.weight: torch.Size([128, 2])
2024-05-27 20:54:18,094   INFO  Not updated weight backbone_3d.input_layer.posembed_layers.0.3.1.position_embedding_head.0.bias: torch.Size([128])
2024-05-27 20:54:18,094   INFO  Not updated weight backbone_3d.input_layer.posembed_layers.0.3.1.position_embedding_head.1.weight: torch.Size([128])
2024-05-27 20:54:18,094   INFO  Not updated weight backbone_3d.input_layer.posembed_layers.0.3.1.position_embedding_head.1.bias: torch.Size([128])
2024-05-27 20:54:18,094   INFO  Not updated weight backbone_3d.input_layer.posembed_layers.0.3.1.position_embedding_head.1.running_mean: torch.Size([128])
2024-05-27 20:54:18,094   INFO  Not updated weight backbone_3d.input_layer.posembed_layers.0.3.1.position_embedding_head.1.running_var: torch.Size([128])
2024-05-27 20:54:18,094   INFO  Not updated weight backbone_3d.input_layer.posembed_layers.0.3.1.position_embedding_head.1.num_batches_tracked: torch.Size([])
2024-05-27 20:54:18,094   INFO  Not updated weight backbone_3d.input_layer.posembed_layers.0.3.1.position_embedding_head.3.weight: torch.Size([128, 128])
2024-05-27 20:54:18,094   INFO  Not updated weight backbone_3d.input_layer.posembed_layers.0.3.1.position_embedding_head.3.bias: torch.Size([128])
2024-05-27 20:54:18,094   INFO  Not updated weight backbone_3d.stage_0.0.encoder_list.0.win_attn.self_attn.in_proj_weight: torch.Size([384, 128])
2024-05-27 20:54:18,094   INFO  Not updated weight backbone_3d.stage_0.0.encoder_list.0.win_attn.self_attn.in_proj_bias: torch.Size([384])
2024-05-27 20:54:18,094   INFO  Not updated weight backbone_3d.stage_0.0.encoder_list.0.win_attn.self_attn.out_proj.weight: torch.Size([128, 128])
2024-05-27 20:54:18,094   INFO  Not updated weight backbone_3d.stage_0.0.encoder_list.0.win_attn.self_attn.out_proj.bias: torch.Size([128])
2024-05-27 20:54:18,094   INFO  Not updated weight backbone_3d.stage_0.0.encoder_list.0.win_attn.linear1.weight: torch.Size([256, 128])
2024-05-27 20:54:18,094   INFO  Not updated weight backbone_3d.stage_0.0.encoder_list.0.win_attn.linear1.bias: torch.Size([256])
2024-05-27 20:54:18,094   INFO  Not updated weight backbone_3d.stage_0.0.encoder_list.0.win_attn.linear2.weight: torch.Size([128, 256])
2024-05-27 20:54:18,094   INFO  Not updated weight backbone_3d.stage_0.0.encoder_list.0.win_attn.linear2.bias: torch.Size([128])
2024-05-27 20:54:18,094   INFO  Not updated weight backbone_3d.stage_0.0.encoder_list.0.win_attn.norm1.weight: torch.Size([128])
2024-05-27 20:54:18,094   INFO  Not updated weight backbone_3d.stage_0.0.encoder_list.0.win_attn.norm1.bias: torch.Size([128])
2024-05-27 20:54:18,094   INFO  Not updated weight backbone_3d.stage_0.0.encoder_list.0.win_attn.norm2.weight: torch.Size([128])
2024-05-27 20:54:18,095   INFO  Not updated weight backbone_3d.stage_0.0.encoder_list.0.win_attn.norm2.bias: torch.Size([128])
2024-05-27 20:54:18,095   INFO  Not updated weight backbone_3d.stage_0.0.encoder_list.0.norm.weight: torch.Size([128])
2024-05-27 20:54:18,095   INFO  Not updated weight backbone_3d.stage_0.0.encoder_list.0.norm.bias: torch.Size([128])
2024-05-27 20:54:18,095   INFO  Not updated weight backbone_3d.stage_0.0.encoder_list.1.win_attn.self_attn.in_proj_weight: torch.Size([384, 128])
2024-05-27 20:54:18,095   INFO  Not updated weight backbone_3d.stage_0.0.encoder_list.1.win_attn.self_attn.in_proj_bias: torch.Size([384])
2024-05-27 20:54:18,095   INFO  Not updated weight backbone_3d.stage_0.0.encoder_list.1.win_attn.self_attn.out_proj.weight: torch.Size([128, 128])
2024-05-27 20:54:18,095   INFO  Not updated weight backbone_3d.stage_0.0.encoder_list.1.win_attn.self_attn.out_proj.bias: torch.Size([128])
2024-05-27 20:54:18,095   INFO  Not updated weight backbone_3d.stage_0.0.encoder_list.1.win_attn.linear1.weight: torch.Size([256, 128])
2024-05-27 20:54:18,095   INFO  Not updated weight backbone_3d.stage_0.0.encoder_list.1.win_attn.linear1.bias: torch.Size([256])
2024-05-27 20:54:18,095   INFO  Not updated weight backbone_3d.stage_0.0.encoder_list.1.win_attn.linear2.weight: torch.Size([128, 256])
2024-05-27 20:54:18,095   INFO  Not updated weight backbone_3d.stage_0.0.encoder_list.1.win_attn.linear2.bias: torch.Size([128])
2024-05-27 20:54:18,095   INFO  Not updated weight backbone_3d.stage_0.0.encoder_list.1.win_attn.norm1.weight: torch.Size([128])
2024-05-27 20:54:18,095   INFO  Not updated weight backbone_3d.stage_0.0.encoder_list.1.win_attn.norm1.bias: torch.Size([128])
2024-05-27 20:54:18,095   INFO  Not updated weight backbone_3d.stage_0.0.encoder_list.1.win_attn.norm2.weight: torch.Size([128])
2024-05-27 20:54:18,095   INFO  Not updated weight backbone_3d.stage_0.0.encoder_list.1.win_attn.norm2.bias: torch.Size([128])
2024-05-27 20:54:18,095   INFO  Not updated weight backbone_3d.stage_0.0.encoder_list.1.norm.weight: torch.Size([128])
2024-05-27 20:54:18,095   INFO  Not updated weight backbone_3d.stage_0.0.encoder_list.1.norm.bias: torch.Size([128])
2024-05-27 20:54:18,095   INFO  Not updated weight backbone_3d.stage_0.1.encoder_list.0.win_attn.self_attn.in_proj_weight: torch.Size([384, 128])
2024-05-27 20:54:18,095   INFO  Not updated weight backbone_3d.stage_0.1.encoder_list.0.win_attn.self_attn.in_proj_bias: torch.Size([384])
2024-05-27 20:54:18,095   INFO  Not updated weight backbone_3d.stage_0.1.encoder_list.0.win_attn.self_attn.out_proj.weight: torch.Size([128, 128])
2024-05-27 20:54:18,095   INFO  Not updated weight backbone_3d.stage_0.1.encoder_list.0.win_attn.self_attn.out_proj.bias: torch.Size([128])
2024-05-27 20:54:18,095   INFO  Not updated weight backbone_3d.stage_0.1.encoder_list.0.win_attn.linear1.weight: torch.Size([256, 128])
2024-05-27 20:54:18,095   INFO  Not updated weight backbone_3d.stage_0.1.encoder_list.0.win_attn.linear1.bias: torch.Size([256])
2024-05-27 20:54:18,095   INFO  Not updated weight backbone_3d.stage_0.1.encoder_list.0.win_attn.linear2.weight: torch.Size([128, 256])
2024-05-27 20:54:18,095   INFO  Not updated weight backbone_3d.stage_0.1.encoder_list.0.win_attn.linear2.bias: torch.Size([128])
2024-05-27 20:54:18,095   INFO  Not updated weight backbone_3d.stage_0.1.encoder_list.0.win_attn.norm1.weight: torch.Size([128])
2024-05-27 20:54:18,095   INFO  Not updated weight backbone_3d.stage_0.1.encoder_list.0.win_attn.norm1.bias: torch.Size([128])
2024-05-27 20:54:18,095   INFO  Not updated weight backbone_3d.stage_0.1.encoder_list.0.win_attn.norm2.weight: torch.Size([128])
2024-05-27 20:54:18,095   INFO  Not updated weight backbone_3d.stage_0.1.encoder_list.0.win_attn.norm2.bias: torch.Size([128])
2024-05-27 20:54:18,095   INFO  Not updated weight backbone_3d.stage_0.1.encoder_list.0.norm.weight: torch.Size([128])
2024-05-27 20:54:18,095   INFO  Not updated weight backbone_3d.stage_0.1.encoder_list.0.norm.bias: torch.Size([128])
2024-05-27 20:54:18,095   INFO  Not updated weight backbone_3d.stage_0.1.encoder_list.1.win_attn.self_attn.in_proj_weight: torch.Size([384, 128])
2024-05-27 20:54:18,095   INFO  Not updated weight backbone_3d.stage_0.1.encoder_list.1.win_attn.self_attn.in_proj_bias: torch.Size([384])
2024-05-27 20:54:18,095   INFO  Not updated weight backbone_3d.stage_0.1.encoder_list.1.win_attn.self_attn.out_proj.weight: torch.Size([128, 128])
2024-05-27 20:54:18,095   INFO  Not updated weight backbone_3d.stage_0.1.encoder_list.1.win_attn.self_attn.out_proj.bias: torch.Size([128])
2024-05-27 20:54:18,095   INFO  Not updated weight backbone_3d.stage_0.1.encoder_list.1.win_attn.linear1.weight: torch.Size([256, 128])
2024-05-27 20:54:18,095   INFO  Not updated weight backbone_3d.stage_0.1.encoder_list.1.win_attn.linear1.bias: torch.Size([256])
2024-05-27 20:54:18,095   INFO  Not updated weight backbone_3d.stage_0.1.encoder_list.1.win_attn.linear2.weight: torch.Size([128, 256])
2024-05-27 20:54:18,095   INFO  Not updated weight backbone_3d.stage_0.1.encoder_list.1.win_attn.linear2.bias: torch.Size([128])
2024-05-27 20:54:18,095   INFO  Not updated weight backbone_3d.stage_0.1.encoder_list.1.win_attn.norm1.weight: torch.Size([128])
2024-05-27 20:54:18,096   INFO  Not updated weight backbone_3d.stage_0.1.encoder_list.1.win_attn.norm1.bias: torch.Size([128])
2024-05-27 20:54:18,096   INFO  Not updated weight backbone_3d.stage_0.1.encoder_list.1.win_attn.norm2.weight: torch.Size([128])
2024-05-27 20:54:18,096   INFO  Not updated weight backbone_3d.stage_0.1.encoder_list.1.win_attn.norm2.bias: torch.Size([128])
2024-05-27 20:54:18,096   INFO  Not updated weight backbone_3d.stage_0.1.encoder_list.1.norm.weight: torch.Size([128])
2024-05-27 20:54:18,096   INFO  Not updated weight backbone_3d.stage_0.1.encoder_list.1.norm.bias: torch.Size([128])
2024-05-27 20:54:18,096   INFO  Not updated weight backbone_3d.stage_0.2.encoder_list.0.win_attn.self_attn.in_proj_weight: torch.Size([384, 128])
2024-05-27 20:54:18,096   INFO  Not updated weight backbone_3d.stage_0.2.encoder_list.0.win_attn.self_attn.in_proj_bias: torch.Size([384])
2024-05-27 20:54:18,096   INFO  Not updated weight backbone_3d.stage_0.2.encoder_list.0.win_attn.self_attn.out_proj.weight: torch.Size([128, 128])
2024-05-27 20:54:18,096   INFO  Not updated weight backbone_3d.stage_0.2.encoder_list.0.win_attn.self_attn.out_proj.bias: torch.Size([128])
2024-05-27 20:54:18,096   INFO  Not updated weight backbone_3d.stage_0.2.encoder_list.0.win_attn.linear1.weight: torch.Size([256, 128])
2024-05-27 20:54:18,096   INFO  Not updated weight backbone_3d.stage_0.2.encoder_list.0.win_attn.linear1.bias: torch.Size([256])
2024-05-27 20:54:18,096   INFO  Not updated weight backbone_3d.stage_0.2.encoder_list.0.win_attn.linear2.weight: torch.Size([128, 256])
2024-05-27 20:54:18,096   INFO  Not updated weight backbone_3d.stage_0.2.encoder_list.0.win_attn.linear2.bias: torch.Size([128])
2024-05-27 20:54:18,096   INFO  Not updated weight backbone_3d.stage_0.2.encoder_list.0.win_attn.norm1.weight: torch.Size([128])
2024-05-27 20:54:18,096   INFO  Not updated weight backbone_3d.stage_0.2.encoder_list.0.win_attn.norm1.bias: torch.Size([128])
2024-05-27 20:54:18,096   INFO  Not updated weight backbone_3d.stage_0.2.encoder_list.0.win_attn.norm2.weight: torch.Size([128])
2024-05-27 20:54:18,096   INFO  Not updated weight backbone_3d.stage_0.2.encoder_list.0.win_attn.norm2.bias: torch.Size([128])
2024-05-27 20:54:18,096   INFO  Not updated weight backbone_3d.stage_0.2.encoder_list.0.norm.weight: torch.Size([128])
2024-05-27 20:54:18,096   INFO  Not updated weight backbone_3d.stage_0.2.encoder_list.0.norm.bias: torch.Size([128])
2024-05-27 20:54:18,096   INFO  Not updated weight backbone_3d.stage_0.2.encoder_list.1.win_attn.self_attn.in_proj_weight: torch.Size([384, 128])
2024-05-27 20:54:18,096   INFO  Not updated weight backbone_3d.stage_0.2.encoder_list.1.win_attn.self_attn.in_proj_bias: torch.Size([384])
2024-05-27 20:54:18,096   INFO  Not updated weight backbone_3d.stage_0.2.encoder_list.1.win_attn.self_attn.out_proj.weight: torch.Size([128, 128])
2024-05-27 20:54:18,096   INFO  Not updated weight backbone_3d.stage_0.2.encoder_list.1.win_attn.self_attn.out_proj.bias: torch.Size([128])
2024-05-27 20:54:18,096   INFO  Not updated weight backbone_3d.stage_0.2.encoder_list.1.win_attn.linear1.weight: torch.Size([256, 128])
2024-05-27 20:54:18,096   INFO  Not updated weight backbone_3d.stage_0.2.encoder_list.1.win_attn.linear1.bias: torch.Size([256])
2024-05-27 20:54:18,096   INFO  Not updated weight backbone_3d.stage_0.2.encoder_list.1.win_attn.linear2.weight: torch.Size([128, 256])
2024-05-27 20:54:18,096   INFO  Not updated weight backbone_3d.stage_0.2.encoder_list.1.win_attn.linear2.bias: torch.Size([128])
2024-05-27 20:54:18,096   INFO  Not updated weight backbone_3d.stage_0.2.encoder_list.1.win_attn.norm1.weight: torch.Size([128])
2024-05-27 20:54:18,096   INFO  Not updated weight backbone_3d.stage_0.2.encoder_list.1.win_attn.norm1.bias: torch.Size([128])
2024-05-27 20:54:18,096   INFO  Not updated weight backbone_3d.stage_0.2.encoder_list.1.win_attn.norm2.weight: torch.Size([128])
2024-05-27 20:54:18,096   INFO  Not updated weight backbone_3d.stage_0.2.encoder_list.1.win_attn.norm2.bias: torch.Size([128])
2024-05-27 20:54:18,096   INFO  Not updated weight backbone_3d.stage_0.2.encoder_list.1.norm.weight: torch.Size([128])
2024-05-27 20:54:18,096   INFO  Not updated weight backbone_3d.stage_0.2.encoder_list.1.norm.bias: torch.Size([128])
2024-05-27 20:54:18,096   INFO  Not updated weight backbone_3d.stage_0.3.encoder_list.0.win_attn.self_attn.in_proj_weight: torch.Size([384, 128])
2024-05-27 20:54:18,096   INFO  Not updated weight backbone_3d.stage_0.3.encoder_list.0.win_attn.self_attn.in_proj_bias: torch.Size([384])
2024-05-27 20:54:18,096   INFO  Not updated weight backbone_3d.stage_0.3.encoder_list.0.win_attn.self_attn.out_proj.weight: torch.Size([128, 128])
2024-05-27 20:54:18,096   INFO  Not updated weight backbone_3d.stage_0.3.encoder_list.0.win_attn.self_attn.out_proj.bias: torch.Size([128])
2024-05-27 20:54:18,096   INFO  Not updated weight backbone_3d.stage_0.3.encoder_list.0.win_attn.linear1.weight: torch.Size([256, 128])
2024-05-27 20:54:18,096   INFO  Not updated weight backbone_3d.stage_0.3.encoder_list.0.win_attn.linear1.bias: torch.Size([256])
2024-05-27 20:54:18,096   INFO  Not updated weight backbone_3d.stage_0.3.encoder_list.0.win_attn.linear2.weight: torch.Size([128, 256])
2024-05-27 20:54:18,096   INFO  Not updated weight backbone_3d.stage_0.3.encoder_list.0.win_attn.linear2.bias: torch.Size([128])
2024-05-27 20:54:18,096   INFO  Not updated weight backbone_3d.stage_0.3.encoder_list.0.win_attn.norm1.weight: torch.Size([128])
2024-05-27 20:54:18,096   INFO  Not updated weight backbone_3d.stage_0.3.encoder_list.0.win_attn.norm1.bias: torch.Size([128])
2024-05-27 20:54:18,096   INFO  Not updated weight backbone_3d.stage_0.3.encoder_list.0.win_attn.norm2.weight: torch.Size([128])
2024-05-27 20:54:18,096   INFO  Not updated weight backbone_3d.stage_0.3.encoder_list.0.win_attn.norm2.bias: torch.Size([128])
2024-05-27 20:54:18,096   INFO  Not updated weight backbone_3d.stage_0.3.encoder_list.0.norm.weight: torch.Size([128])
2024-05-27 20:54:18,096   INFO  Not updated weight backbone_3d.stage_0.3.encoder_list.0.norm.bias: torch.Size([128])
2024-05-27 20:54:18,096   INFO  Not updated weight backbone_3d.stage_0.3.encoder_list.1.win_attn.self_attn.in_proj_weight: torch.Size([384, 128])
2024-05-27 20:54:18,096   INFO  Not updated weight backbone_3d.stage_0.3.encoder_list.1.win_attn.self_attn.in_proj_bias: torch.Size([384])
2024-05-27 20:54:18,096   INFO  Not updated weight backbone_3d.stage_0.3.encoder_list.1.win_attn.self_attn.out_proj.weight: torch.Size([128, 128])
2024-05-27 20:54:18,096   INFO  Not updated weight backbone_3d.stage_0.3.encoder_list.1.win_attn.self_attn.out_proj.bias: torch.Size([128])
2024-05-27 20:54:18,096   INFO  Not updated weight backbone_3d.stage_0.3.encoder_list.1.win_attn.linear1.weight: torch.Size([256, 128])
2024-05-27 20:54:18,097   INFO  Not updated weight backbone_3d.stage_0.3.encoder_list.1.win_attn.linear1.bias: torch.Size([256])
2024-05-27 20:54:18,097   INFO  Not updated weight backbone_3d.stage_0.3.encoder_list.1.win_attn.linear2.weight: torch.Size([128, 256])
2024-05-27 20:54:18,097   INFO  Not updated weight backbone_3d.stage_0.3.encoder_list.1.win_attn.linear2.bias: torch.Size([128])
2024-05-27 20:54:18,097   INFO  Not updated weight backbone_3d.stage_0.3.encoder_list.1.win_attn.norm1.weight: torch.Size([128])
2024-05-27 20:54:18,097   INFO  Not updated weight backbone_3d.stage_0.3.encoder_list.1.win_attn.norm1.bias: torch.Size([128])
2024-05-27 20:54:18,097   INFO  Not updated weight backbone_3d.stage_0.3.encoder_list.1.win_attn.norm2.weight: torch.Size([128])
2024-05-27 20:54:18,097   INFO  Not updated weight backbone_3d.stage_0.3.encoder_list.1.win_attn.norm2.bias: torch.Size([128])
2024-05-27 20:54:18,097   INFO  Not updated weight backbone_3d.stage_0.3.encoder_list.1.norm.weight: torch.Size([128])
2024-05-27 20:54:18,097   INFO  Not updated weight backbone_3d.stage_0.3.encoder_list.1.norm.bias: torch.Size([128])
2024-05-27 20:54:18,097   INFO  Not updated weight backbone_3d.residual_norm_stage_0.0.weight: torch.Size([128])
2024-05-27 20:54:18,097   INFO  Not updated weight backbone_3d.residual_norm_stage_0.0.bias: torch.Size([128])
2024-05-27 20:54:18,097   INFO  Not updated weight backbone_3d.residual_norm_stage_0.1.weight: torch.Size([128])
2024-05-27 20:54:18,097   INFO  Not updated weight backbone_3d.residual_norm_stage_0.1.bias: torch.Size([128])
2024-05-27 20:54:18,097   INFO  Not updated weight backbone_3d.residual_norm_stage_0.2.weight: torch.Size([128])
2024-05-27 20:54:18,097   INFO  Not updated weight backbone_3d.residual_norm_stage_0.2.bias: torch.Size([128])
2024-05-27 20:54:18,097   INFO  Not updated weight backbone_3d.residual_norm_stage_0.3.weight: torch.Size([128])
2024-05-27 20:54:18,097   INFO  Not updated weight backbone_3d.residual_norm_stage_0.3.bias: torch.Size([128])
2024-05-27 20:54:18,097   INFO  Not updated weight backbone_2d.blocks.0.0.conv1.weight: torch.Size([128, 128, 3, 3])
2024-05-27 20:54:18,097   INFO  Not updated weight backbone_2d.blocks.0.0.bn1.weight: torch.Size([128])
2024-05-27 20:54:18,097   INFO  Not updated weight backbone_2d.blocks.0.0.bn1.bias: torch.Size([128])
2024-05-27 20:54:18,097   INFO  Not updated weight backbone_2d.blocks.0.0.bn1.running_mean: torch.Size([128])
2024-05-27 20:54:18,097   INFO  Not updated weight backbone_2d.blocks.0.0.bn1.running_var: torch.Size([128])
2024-05-27 20:54:18,097   INFO  Not updated weight backbone_2d.blocks.0.0.bn1.num_batches_tracked: torch.Size([])
2024-05-27 20:54:18,097   INFO  Not updated weight backbone_2d.blocks.0.0.conv2.weight: torch.Size([128, 128, 3, 3])
2024-05-27 20:54:18,097   INFO  Not updated weight backbone_2d.blocks.0.0.bn2.weight: torch.Size([128])
2024-05-27 20:54:18,097   INFO  Not updated weight backbone_2d.blocks.0.0.bn2.bias: torch.Size([128])
2024-05-27 20:54:18,097   INFO  Not updated weight backbone_2d.blocks.0.0.bn2.running_mean: torch.Size([128])
2024-05-27 20:54:18,097   INFO  Not updated weight backbone_2d.blocks.0.0.bn2.running_var: torch.Size([128])
2024-05-27 20:54:18,097   INFO  Not updated weight backbone_2d.blocks.0.0.bn2.num_batches_tracked: torch.Size([])
2024-05-27 20:54:18,097   INFO  Not updated weight backbone_2d.blocks.0.0.downsample_layer.0.weight: torch.Size([128, 128, 1, 1])
2024-05-27 20:54:18,097   INFO  Not updated weight backbone_2d.blocks.0.0.downsample_layer.1.weight: torch.Size([128])
2024-05-27 20:54:18,097   INFO  Not updated weight backbone_2d.blocks.0.0.downsample_layer.1.bias: torch.Size([128])
2024-05-27 20:54:18,097   INFO  Not updated weight backbone_2d.blocks.0.0.downsample_layer.1.running_mean: torch.Size([128])
2024-05-27 20:54:18,097   INFO  Not updated weight backbone_2d.blocks.0.0.downsample_layer.1.running_var: torch.Size([128])
2024-05-27 20:54:18,097   INFO  Not updated weight backbone_2d.blocks.0.0.downsample_layer.1.num_batches_tracked: torch.Size([])
2024-05-27 20:54:18,097   INFO  Not updated weight backbone_2d.blocks.0.1.conv1.weight: torch.Size([128, 128, 3, 3])
2024-05-27 20:54:18,097   INFO  Not updated weight backbone_2d.blocks.0.1.bn1.weight: torch.Size([128])
2024-05-27 20:54:18,097   INFO  Not updated weight backbone_2d.blocks.0.1.bn1.bias: torch.Size([128])
2024-05-27 20:54:18,097   INFO  Not updated weight backbone_2d.blocks.0.1.bn1.running_mean: torch.Size([128])
2024-05-27 20:54:18,097   INFO  Not updated weight backbone_2d.blocks.0.1.bn1.running_var: torch.Size([128])
2024-05-27 20:54:18,097   INFO  Not updated weight backbone_2d.blocks.0.1.bn1.num_batches_tracked: torch.Size([])
2024-05-27 20:54:18,097   INFO  Not updated weight backbone_2d.blocks.0.1.conv2.weight: torch.Size([128, 128, 3, 3])
2024-05-27 20:54:18,097   INFO  Not updated weight backbone_2d.blocks.0.1.bn2.weight: torch.Size([128])
2024-05-27 20:54:18,097   INFO  Not updated weight backbone_2d.blocks.0.1.bn2.bias: torch.Size([128])
2024-05-27 20:54:18,097   INFO  Not updated weight backbone_2d.blocks.0.1.bn2.running_mean: torch.Size([128])
2024-05-27 20:54:18,097   INFO  Not updated weight backbone_2d.blocks.0.1.bn2.running_var: torch.Size([128])
2024-05-27 20:54:18,097   INFO  Not updated weight backbone_2d.blocks.0.1.bn2.num_batches_tracked: torch.Size([])
2024-05-27 20:54:18,097   INFO  Not updated weight backbone_2d.blocks.1.0.conv1.weight: torch.Size([128, 128, 3, 3])
2024-05-27 20:54:18,097   INFO  Not updated weight backbone_2d.blocks.1.0.bn1.weight: torch.Size([128])
2024-05-27 20:54:18,097   INFO  Not updated weight backbone_2d.blocks.1.0.bn1.bias: torch.Size([128])
2024-05-27 20:54:18,097   INFO  Not updated weight backbone_2d.blocks.1.0.bn1.running_mean: torch.Size([128])
2024-05-27 20:54:18,098   INFO  Not updated weight backbone_2d.blocks.1.0.bn1.running_var: torch.Size([128])
2024-05-27 20:54:18,098   INFO  Not updated weight backbone_2d.blocks.1.0.bn1.num_batches_tracked: torch.Size([])
2024-05-27 20:54:18,098   INFO  Not updated weight backbone_2d.blocks.1.0.conv2.weight: torch.Size([128, 128, 3, 3])
2024-05-27 20:54:18,098   INFO  Not updated weight backbone_2d.blocks.1.0.bn2.weight: torch.Size([128])
2024-05-27 20:54:18,098   INFO  Not updated weight backbone_2d.blocks.1.0.bn2.bias: torch.Size([128])
2024-05-27 20:54:18,098   INFO  Not updated weight backbone_2d.blocks.1.0.bn2.running_mean: torch.Size([128])
2024-05-27 20:54:18,098   INFO  Not updated weight backbone_2d.blocks.1.0.bn2.running_var: torch.Size([128])
2024-05-27 20:54:18,098   INFO  Not updated weight backbone_2d.blocks.1.0.bn2.num_batches_tracked: torch.Size([])
2024-05-27 20:54:18,098   INFO  Not updated weight backbone_2d.blocks.1.0.downsample_layer.0.weight: torch.Size([128, 128, 1, 1])
2024-05-27 20:54:18,098   INFO  Not updated weight backbone_2d.blocks.1.0.downsample_layer.1.weight: torch.Size([128])
2024-05-27 20:54:18,098   INFO  Not updated weight backbone_2d.blocks.1.0.downsample_layer.1.bias: torch.Size([128])
2024-05-27 20:54:18,098   INFO  Not updated weight backbone_2d.blocks.1.0.downsample_layer.1.running_mean: torch.Size([128])
2024-05-27 20:54:18,098   INFO  Not updated weight backbone_2d.blocks.1.0.downsample_layer.1.running_var: torch.Size([128])
2024-05-27 20:54:18,098   INFO  Not updated weight backbone_2d.blocks.1.0.downsample_layer.1.num_batches_tracked: torch.Size([])
2024-05-27 20:54:18,098   INFO  Not updated weight backbone_2d.blocks.1.1.conv1.weight: torch.Size([128, 128, 3, 3])
2024-05-27 20:54:18,098   INFO  Not updated weight backbone_2d.blocks.1.1.bn1.weight: torch.Size([128])
2024-05-27 20:54:18,098   INFO  Not updated weight backbone_2d.blocks.1.1.bn1.bias: torch.Size([128])
2024-05-27 20:54:18,098   INFO  Not updated weight backbone_2d.blocks.1.1.bn1.running_mean: torch.Size([128])
2024-05-27 20:54:18,098   INFO  Not updated weight backbone_2d.blocks.1.1.bn1.running_var: torch.Size([128])
2024-05-27 20:54:18,098   INFO  Not updated weight backbone_2d.blocks.1.1.bn1.num_batches_tracked: torch.Size([])
2024-05-27 20:54:18,098   INFO  Not updated weight backbone_2d.blocks.1.1.conv2.weight: torch.Size([128, 128, 3, 3])
2024-05-27 20:54:18,098   INFO  Not updated weight backbone_2d.blocks.1.1.bn2.weight: torch.Size([128])
2024-05-27 20:54:18,098   INFO  Not updated weight backbone_2d.blocks.1.1.bn2.bias: torch.Size([128])
2024-05-27 20:54:18,098   INFO  Not updated weight backbone_2d.blocks.1.1.bn2.running_mean: torch.Size([128])
2024-05-27 20:54:18,098   INFO  Not updated weight backbone_2d.blocks.1.1.bn2.running_var: torch.Size([128])
2024-05-27 20:54:18,098   INFO  Not updated weight backbone_2d.blocks.1.1.bn2.num_batches_tracked: torch.Size([])
2024-05-27 20:54:18,098   INFO  Not updated weight backbone_2d.blocks.1.2.conv1.weight: torch.Size([128, 128, 3, 3])
2024-05-27 20:54:18,098   INFO  Not updated weight backbone_2d.blocks.1.2.bn1.weight: torch.Size([128])
2024-05-27 20:54:18,098   INFO  Not updated weight backbone_2d.blocks.1.2.bn1.bias: torch.Size([128])
2024-05-27 20:54:18,098   INFO  Not updated weight backbone_2d.blocks.1.2.bn1.running_mean: torch.Size([128])
2024-05-27 20:54:18,098   INFO  Not updated weight backbone_2d.blocks.1.2.bn1.running_var: torch.Size([128])
2024-05-27 20:54:18,098   INFO  Not updated weight backbone_2d.blocks.1.2.bn1.num_batches_tracked: torch.Size([])
2024-05-27 20:54:18,098   INFO  Not updated weight backbone_2d.blocks.1.2.conv2.weight: torch.Size([128, 128, 3, 3])
2024-05-27 20:54:18,098   INFO  Not updated weight backbone_2d.blocks.1.2.bn2.weight: torch.Size([128])
2024-05-27 20:54:18,098   INFO  Not updated weight backbone_2d.blocks.1.2.bn2.bias: torch.Size([128])
2024-05-27 20:54:18,098   INFO  Not updated weight backbone_2d.blocks.1.2.bn2.running_mean: torch.Size([128])
2024-05-27 20:54:18,098   INFO  Not updated weight backbone_2d.blocks.1.2.bn2.running_var: torch.Size([128])
2024-05-27 20:54:18,098   INFO  Not updated weight backbone_2d.blocks.1.2.bn2.num_batches_tracked: torch.Size([])
2024-05-27 20:54:18,098   INFO  Not updated weight backbone_2d.blocks.2.0.conv1.weight: torch.Size([256, 128, 3, 3])
2024-05-27 20:54:18,098   INFO  Not updated weight backbone_2d.blocks.2.0.bn1.weight: torch.Size([256])
2024-05-27 20:54:18,098   INFO  Not updated weight backbone_2d.blocks.2.0.bn1.bias: torch.Size([256])
2024-05-27 20:54:18,098   INFO  Not updated weight backbone_2d.blocks.2.0.bn1.running_mean: torch.Size([256])
2024-05-27 20:54:18,098   INFO  Not updated weight backbone_2d.blocks.2.0.bn1.running_var: torch.Size([256])
2024-05-27 20:54:18,098   INFO  Not updated weight backbone_2d.blocks.2.0.bn1.num_batches_tracked: torch.Size([])
2024-05-27 20:54:18,098   INFO  Not updated weight backbone_2d.blocks.2.0.conv2.weight: torch.Size([256, 256, 3, 3])
2024-05-27 20:54:18,099   INFO  Not updated weight backbone_2d.blocks.2.0.bn2.weight: torch.Size([256])
2024-05-27 20:54:18,099   INFO  Not updated weight backbone_2d.blocks.2.0.bn2.bias: torch.Size([256])
2024-05-27 20:54:18,099   INFO  Not updated weight backbone_2d.blocks.2.0.bn2.running_mean: torch.Size([256])
2024-05-27 20:54:18,099   INFO  Not updated weight backbone_2d.blocks.2.0.bn2.running_var: torch.Size([256])
2024-05-27 20:54:18,099   INFO  Not updated weight backbone_2d.blocks.2.0.bn2.num_batches_tracked: torch.Size([])
2024-05-27 20:54:18,099   INFO  Not updated weight backbone_2d.blocks.2.0.downsample_layer.0.weight: torch.Size([256, 128, 1, 1])
2024-05-27 20:54:18,099   INFO  Not updated weight backbone_2d.blocks.2.0.downsample_layer.1.weight: torch.Size([256])
2024-05-27 20:54:18,099   INFO  Not updated weight backbone_2d.blocks.2.0.downsample_layer.1.bias: torch.Size([256])
2024-05-27 20:54:18,099   INFO  Not updated weight backbone_2d.blocks.2.0.downsample_layer.1.running_mean: torch.Size([256])
2024-05-27 20:54:18,099   INFO  Not updated weight backbone_2d.blocks.2.0.downsample_layer.1.running_var: torch.Size([256])
2024-05-27 20:54:18,099   INFO  Not updated weight backbone_2d.blocks.2.0.downsample_layer.1.num_batches_tracked: torch.Size([])
2024-05-27 20:54:18,099   INFO  Not updated weight backbone_2d.blocks.2.1.conv1.weight: torch.Size([256, 256, 3, 3])
2024-05-27 20:54:18,099   INFO  Not updated weight backbone_2d.blocks.2.1.bn1.weight: torch.Size([256])
2024-05-27 20:54:18,099   INFO  Not updated weight backbone_2d.blocks.2.1.bn1.bias: torch.Size([256])
2024-05-27 20:54:18,099   INFO  Not updated weight backbone_2d.blocks.2.1.bn1.running_mean: torch.Size([256])
2024-05-27 20:54:18,099   INFO  Not updated weight backbone_2d.blocks.2.1.bn1.running_var: torch.Size([256])
2024-05-27 20:54:18,099   INFO  Not updated weight backbone_2d.blocks.2.1.bn1.num_batches_tracked: torch.Size([])
2024-05-27 20:54:18,099   INFO  Not updated weight backbone_2d.blocks.2.1.conv2.weight: torch.Size([256, 256, 3, 3])
2024-05-27 20:54:18,099   INFO  Not updated weight backbone_2d.blocks.2.1.bn2.weight: torch.Size([256])
2024-05-27 20:54:18,099   INFO  Not updated weight backbone_2d.blocks.2.1.bn2.bias: torch.Size([256])
2024-05-27 20:54:18,099   INFO  Not updated weight backbone_2d.blocks.2.1.bn2.running_mean: torch.Size([256])
2024-05-27 20:54:18,099   INFO  Not updated weight backbone_2d.blocks.2.1.bn2.running_var: torch.Size([256])
2024-05-27 20:54:18,099   INFO  Not updated weight backbone_2d.blocks.2.1.bn2.num_batches_tracked: torch.Size([])
2024-05-27 20:54:18,099   INFO  Not updated weight backbone_2d.blocks.2.2.conv1.weight: torch.Size([256, 256, 3, 3])
2024-05-27 20:54:18,099   INFO  Not updated weight backbone_2d.blocks.2.2.bn1.weight: torch.Size([256])
2024-05-27 20:54:18,099   INFO  Not updated weight backbone_2d.blocks.2.2.bn1.bias: torch.Size([256])
2024-05-27 20:54:18,099   INFO  Not updated weight backbone_2d.blocks.2.2.bn1.running_mean: torch.Size([256])
2024-05-27 20:54:18,099   INFO  Not updated weight backbone_2d.blocks.2.2.bn1.running_var: torch.Size([256])
2024-05-27 20:54:18,099   INFO  Not updated weight backbone_2d.blocks.2.2.bn1.num_batches_tracked: torch.Size([])
2024-05-27 20:54:18,099   INFO  Not updated weight backbone_2d.blocks.2.2.conv2.weight: torch.Size([256, 256, 3, 3])
2024-05-27 20:54:18,099   INFO  Not updated weight backbone_2d.blocks.2.2.bn2.weight: torch.Size([256])
2024-05-27 20:54:18,099   INFO  Not updated weight backbone_2d.blocks.2.2.bn2.bias: torch.Size([256])
2024-05-27 20:54:18,099   INFO  Not updated weight backbone_2d.blocks.2.2.bn2.running_mean: torch.Size([256])
2024-05-27 20:54:18,099   INFO  Not updated weight backbone_2d.blocks.2.2.bn2.running_var: torch.Size([256])
2024-05-27 20:54:18,099   INFO  Not updated weight backbone_2d.blocks.2.2.bn2.num_batches_tracked: torch.Size([])
2024-05-27 20:54:18,099   INFO  Not updated weight backbone_2d.deblocks.0.0.weight: torch.Size([128, 128, 2, 2])
2024-05-27 20:54:18,099   INFO  Not updated weight dense_head.shared_conv.weight: torch.Size([128, 384, 3, 3])
2024-05-27 20:54:18,099   INFO  Not updated weight dense_head.shared_conv.bias: torch.Size([128])
2024-05-27 20:54:18,099   INFO  Not updated weight dense_head.heatmap_head.0.conv.weight: torch.Size([128, 128, 3, 3])
2024-05-27 20:54:18,099   INFO  Not updated weight dense_head.heatmap_head.0.conv.bias: torch.Size([128])
2024-05-27 20:54:18,099   INFO  Not updated weight dense_head.heatmap_head.0.bn.weight: torch.Size([128])
2024-05-27 20:54:18,100   INFO  Not updated weight dense_head.heatmap_head.0.bn.bias: torch.Size([128])
2024-05-27 20:54:18,100   INFO  Not updated weight dense_head.heatmap_head.0.bn.running_mean: torch.Size([128])
2024-05-27 20:54:18,100   INFO  Not updated weight dense_head.heatmap_head.0.bn.running_var: torch.Size([128])
2024-05-27 20:54:18,100   INFO  Not updated weight dense_head.heatmap_head.0.bn.num_batches_tracked: torch.Size([])
2024-05-27 20:54:18,100   INFO  Not updated weight dense_head.heatmap_head.1.weight: torch.Size([10, 128, 3, 3])
2024-05-27 20:54:18,100   INFO  Not updated weight dense_head.heatmap_head.1.bias: torch.Size([10])
2024-05-27 20:54:18,100   INFO  Not updated weight dense_head.class_encoding.weight: torch.Size([128, 10, 1])
2024-05-27 20:54:18,100   INFO  Not updated weight dense_head.class_encoding.bias: torch.Size([128])
2024-05-27 20:54:18,100   INFO  Not updated weight dense_head.decoder.self_attn.in_proj_weight: torch.Size([384, 128])
2024-05-27 20:54:18,100   INFO  Not updated weight dense_head.decoder.self_attn.in_proj_bias: torch.Size([384])
2024-05-27 20:54:18,100   INFO  Not updated weight dense_head.decoder.self_attn.out_proj.weight: torch.Size([128, 128])
2024-05-27 20:54:18,100   INFO  Not updated weight dense_head.decoder.self_attn.out_proj.bias: torch.Size([128])
2024-05-27 20:54:18,100   INFO  Not updated weight dense_head.decoder.multihead_attn.in_proj_weight: torch.Size([384, 128])
2024-05-27 20:54:18,100   INFO  Not updated weight dense_head.decoder.multihead_attn.in_proj_bias: torch.Size([384])
2024-05-27 20:54:18,100   INFO  Not updated weight dense_head.decoder.multihead_attn.out_proj.weight: torch.Size([128, 128])
2024-05-27 20:54:18,100   INFO  Not updated weight dense_head.decoder.multihead_attn.out_proj.bias: torch.Size([128])
2024-05-27 20:54:18,100   INFO  Not updated weight dense_head.decoder.linear1.weight: torch.Size([256, 128])
2024-05-27 20:54:18,100   INFO  Not updated weight dense_head.decoder.linear1.bias: torch.Size([256])
2024-05-27 20:54:18,100   INFO  Not updated weight dense_head.decoder.linear2.weight: torch.Size([128, 256])
2024-05-27 20:54:18,100   INFO  Not updated weight dense_head.decoder.linear2.bias: torch.Size([128])
2024-05-27 20:54:18,100   INFO  Not updated weight dense_head.decoder.norm1.weight: torch.Size([128])
2024-05-27 20:54:18,100   INFO  Not updated weight dense_head.decoder.norm1.bias: torch.Size([128])
2024-05-27 20:54:18,100   INFO  Not updated weight dense_head.decoder.norm2.weight: torch.Size([128])
2024-05-27 20:54:18,100   INFO  Not updated weight dense_head.decoder.norm2.bias: torch.Size([128])
2024-05-27 20:54:18,100   INFO  Not updated weight dense_head.decoder.norm3.weight: torch.Size([128])
2024-05-27 20:54:18,100   INFO  Not updated weight dense_head.decoder.norm3.bias: torch.Size([128])
2024-05-27 20:54:18,100   INFO  Not updated weight dense_head.decoder.self_posembed.position_embedding_head.0.weight: torch.Size([128, 2, 1])
2024-05-27 20:54:18,100   INFO  Not updated weight dense_head.decoder.self_posembed.position_embedding_head.0.bias: torch.Size([128])
2024-05-27 20:54:18,100   INFO  Not updated weight dense_head.decoder.self_posembed.position_embedding_head.1.weight: torch.Size([128])
2024-05-27 20:54:18,100   INFO  Not updated weight dense_head.decoder.self_posembed.position_embedding_head.1.bias: torch.Size([128])
2024-05-27 20:54:18,100   INFO  Not updated weight dense_head.decoder.self_posembed.position_embedding_head.1.running_mean: torch.Size([128])
2024-05-27 20:54:18,100   INFO  Not updated weight dense_head.decoder.self_posembed.position_embedding_head.1.running_var: torch.Size([128])
2024-05-27 20:54:18,100   INFO  Not updated weight dense_head.decoder.self_posembed.position_embedding_head.1.num_batches_tracked: torch.Size([])
2024-05-27 20:54:18,100   INFO  Not updated weight dense_head.decoder.self_posembed.position_embedding_head.3.weight: torch.Size([128, 128, 1])
2024-05-27 20:54:18,100   INFO  Not updated weight dense_head.decoder.self_posembed.position_embedding_head.3.bias: torch.Size([128])
2024-05-27 20:54:18,100   INFO  Not updated weight dense_head.decoder.cross_posembed.position_embedding_head.0.weight: torch.Size([128, 2, 1])
2024-05-27 20:54:18,100   INFO  Not updated weight dense_head.decoder.cross_posembed.position_embedding_head.0.bias: torch.Size([128])
2024-05-27 20:54:18,100   INFO  Not updated weight dense_head.decoder.cross_posembed.position_embedding_head.1.weight: torch.Size([128])
2024-05-27 20:54:18,100   INFO  Not updated weight dense_head.decoder.cross_posembed.position_embedding_head.1.bias: torch.Size([128])
2024-05-27 20:54:18,101   INFO  Not updated weight dense_head.decoder.cross_posembed.position_embedding_head.1.running_mean: torch.Size([128])
2024-05-27 20:54:18,101   INFO  Not updated weight dense_head.decoder.cross_posembed.position_embedding_head.1.running_var: torch.Size([128])
2024-05-27 20:54:18,101   INFO  Not updated weight dense_head.decoder.cross_posembed.position_embedding_head.1.num_batches_tracked: torch.Size([])
2024-05-27 20:54:18,101   INFO  Not updated weight dense_head.decoder.cross_posembed.position_embedding_head.3.weight: torch.Size([128, 128, 1])
2024-05-27 20:54:18,101   INFO  Not updated weight dense_head.decoder.cross_posembed.position_embedding_head.3.bias: torch.Size([128])
2024-05-27 20:54:18,101   INFO  Not updated weight dense_head.prediction_head.center.0.0.weight: torch.Size([64, 128, 1])
2024-05-27 20:54:18,101   INFO  Not updated weight dense_head.prediction_head.center.0.0.bias: torch.Size([64])
2024-05-27 20:54:18,101   INFO  Not updated weight dense_head.prediction_head.center.0.1.weight: torch.Size([64])
2024-05-27 20:54:18,101   INFO  Not updated weight dense_head.prediction_head.center.0.1.bias: torch.Size([64])
2024-05-27 20:54:18,101   INFO  Not updated weight dense_head.prediction_head.center.0.1.running_mean: torch.Size([64])
2024-05-27 20:54:18,101   INFO  Not updated weight dense_head.prediction_head.center.0.1.running_var: torch.Size([64])
2024-05-27 20:54:18,101   INFO  Not updated weight dense_head.prediction_head.center.0.1.num_batches_tracked: torch.Size([])
2024-05-27 20:54:18,101   INFO  Not updated weight dense_head.prediction_head.center.1.weight: torch.Size([2, 64, 1])
2024-05-27 20:54:18,101   INFO  Not updated weight dense_head.prediction_head.center.1.bias: torch.Size([2])
2024-05-27 20:54:18,101   INFO  Not updated weight dense_head.prediction_head.height.0.0.weight: torch.Size([64, 128, 1])
2024-05-27 20:54:18,101   INFO  Not updated weight dense_head.prediction_head.height.0.0.bias: torch.Size([64])
2024-05-27 20:54:18,101   INFO  Not updated weight dense_head.prediction_head.height.0.1.weight: torch.Size([64])
2024-05-27 20:54:18,101   INFO  Not updated weight dense_head.prediction_head.height.0.1.bias: torch.Size([64])
2024-05-27 20:54:18,101   INFO  Not updated weight dense_head.prediction_head.height.0.1.running_mean: torch.Size([64])
2024-05-27 20:54:18,101   INFO  Not updated weight dense_head.prediction_head.height.0.1.running_var: torch.Size([64])
2024-05-27 20:54:18,101   INFO  Not updated weight dense_head.prediction_head.height.0.1.num_batches_tracked: torch.Size([])
2024-05-27 20:54:18,101   INFO  Not updated weight dense_head.prediction_head.height.1.weight: torch.Size([1, 64, 1])
2024-05-27 20:54:18,101   INFO  Not updated weight dense_head.prediction_head.height.1.bias: torch.Size([1])
2024-05-27 20:54:18,101   INFO  Not updated weight dense_head.prediction_head.dim.0.0.weight: torch.Size([64, 128, 1])
2024-05-27 20:54:18,101   INFO  Not updated weight dense_head.prediction_head.dim.0.0.bias: torch.Size([64])
2024-05-27 20:54:18,101   INFO  Not updated weight dense_head.prediction_head.dim.0.1.weight: torch.Size([64])
2024-05-27 20:54:18,101   INFO  Not updated weight dense_head.prediction_head.dim.0.1.bias: torch.Size([64])
2024-05-27 20:54:18,101   INFO  Not updated weight dense_head.prediction_head.dim.0.1.running_mean: torch.Size([64])
2024-05-27 20:54:18,101   INFO  Not updated weight dense_head.prediction_head.dim.0.1.running_var: torch.Size([64])
2024-05-27 20:54:18,101   INFO  Not updated weight dense_head.prediction_head.dim.0.1.num_batches_tracked: torch.Size([])
2024-05-27 20:54:18,101   INFO  Not updated weight dense_head.prediction_head.dim.1.weight: torch.Size([3, 64, 1])
2024-05-27 20:54:18,101   INFO  Not updated weight dense_head.prediction_head.dim.1.bias: torch.Size([3])
2024-05-27 20:54:18,101   INFO  Not updated weight dense_head.prediction_head.rot.0.0.weight: torch.Size([64, 128, 1])
2024-05-27 20:54:18,101   INFO  Not updated weight dense_head.prediction_head.rot.0.0.bias: torch.Size([64])
2024-05-27 20:54:18,101   INFO  Not updated weight dense_head.prediction_head.rot.0.1.weight: torch.Size([64])
2024-05-27 20:54:18,101   INFO  Not updated weight dense_head.prediction_head.rot.0.1.bias: torch.Size([64])
2024-05-27 20:54:18,101   INFO  Not updated weight dense_head.prediction_head.rot.0.1.running_mean: torch.Size([64])
2024-05-27 20:54:18,101   INFO  Not updated weight dense_head.prediction_head.rot.0.1.running_var: torch.Size([64])
2024-05-27 20:54:18,101   INFO  Not updated weight dense_head.prediction_head.rot.0.1.num_batches_tracked: torch.Size([])
2024-05-27 20:54:18,101   INFO  Not updated weight dense_head.prediction_head.rot.1.weight: torch.Size([2, 64, 1])
2024-05-27 20:54:18,101   INFO  Not updated weight dense_head.prediction_head.rot.1.bias: torch.Size([2])
2024-05-27 20:54:18,101   INFO  Not updated weight dense_head.prediction_head.vel.0.0.weight: torch.Size([64, 128, 1])
2024-05-27 20:54:18,101   INFO  Not updated weight dense_head.prediction_head.vel.0.0.bias: torch.Size([64])
2024-05-27 20:54:18,101   INFO  Not updated weight dense_head.prediction_head.vel.0.1.weight: torch.Size([64])
2024-05-27 20:54:18,101   INFO  Not updated weight dense_head.prediction_head.vel.0.1.bias: torch.Size([64])
2024-05-27 20:54:18,101   INFO  Not updated weight dense_head.prediction_head.vel.0.1.running_mean: torch.Size([64])
2024-05-27 20:54:18,102   INFO  Not updated weight dense_head.prediction_head.vel.0.1.running_var: torch.Size([64])
2024-05-27 20:54:18,102   INFO  Not updated weight dense_head.prediction_head.vel.0.1.num_batches_tracked: torch.Size([])
2024-05-27 20:54:18,102   INFO  Not updated weight dense_head.prediction_head.vel.1.weight: torch.Size([2, 64, 1])
2024-05-27 20:54:18,102   INFO  Not updated weight dense_head.prediction_head.vel.1.bias: torch.Size([2])
2024-05-27 20:54:18,102   INFO  Not updated weight dense_head.prediction_head.iou.0.0.weight: torch.Size([64, 128, 1])
2024-05-27 20:54:18,102   INFO  Not updated weight dense_head.prediction_head.iou.0.0.bias: torch.Size([64])
2024-05-27 20:54:18,102   INFO  Not updated weight dense_head.prediction_head.iou.0.1.weight: torch.Size([64])
2024-05-27 20:54:18,102   INFO  Not updated weight dense_head.prediction_head.iou.0.1.bias: torch.Size([64])
2024-05-27 20:54:18,102   INFO  Not updated weight dense_head.prediction_head.iou.0.1.running_mean: torch.Size([64])
2024-05-27 20:54:18,102   INFO  Not updated weight dense_head.prediction_head.iou.0.1.running_var: torch.Size([64])
2024-05-27 20:54:18,102   INFO  Not updated weight dense_head.prediction_head.iou.0.1.num_batches_tracked: torch.Size([])
2024-05-27 20:54:18,102   INFO  Not updated weight dense_head.prediction_head.iou.1.weight: torch.Size([1, 64, 1])
2024-05-27 20:54:18,102   INFO  Not updated weight dense_head.prediction_head.iou.1.bias: torch.Size([1])
2024-05-27 20:54:18,102   INFO  Not updated weight dense_head.prediction_head.heatmap.0.0.weight: torch.Size([64, 128, 1])
2024-05-27 20:54:18,102   INFO  Not updated weight dense_head.prediction_head.heatmap.0.0.bias: torch.Size([64])
2024-05-27 20:54:18,102   INFO  Not updated weight dense_head.prediction_head.heatmap.0.1.weight: torch.Size([64])
2024-05-27 20:54:18,102   INFO  Not updated weight dense_head.prediction_head.heatmap.0.1.bias: torch.Size([64])
2024-05-27 20:54:18,102   INFO  Not updated weight dense_head.prediction_head.heatmap.0.1.running_mean: torch.Size([64])
2024-05-27 20:54:18,102   INFO  Not updated weight dense_head.prediction_head.heatmap.0.1.running_var: torch.Size([64])
2024-05-27 20:54:18,102   INFO  Not updated weight dense_head.prediction_head.heatmap.0.1.num_batches_tracked: torch.Size([])
2024-05-27 20:54:18,102   INFO  Not updated weight dense_head.prediction_head.heatmap.1.weight: torch.Size([10, 64, 1])
2024-05-27 20:54:18,102   INFO  Not updated weight dense_head.prediction_head.heatmap.1.bias: torch.Size([10])
2024-05-27 20:54:18,102   INFO  ==> Done (loaded 20/449)
